Date,19002,19003,5151,19024,19005,19112,19007,19035,19032,19009,19011,19012,5149,19144,19105,5162,19148,19117,19015,19016,19114,19115,19170,19018,19154,19020,19074,19079,19067,19021,19169,19121,19022,5016,19098,19123,19190,19124,5142,19027,19111,19069,19096,19106,19155,5170,19033,19028,19163,19147,19039,19151,19037,19042,19043,19044,19047,19045,19048,19052,19091,19173,19071,5148,19053,19133,19134,5048,19180,19108,19101,19135,19160,19136,19137,19050,5145,19057,19182,19138,19059,19193,19178,19063,19141,19162,5148-2,19033-2,19135-2,19137-2,19123-2,19148-2,19079-2,19151-2
1998-01-01,1,7.7,0,1,2.5,0,-2.3,5.9,8,0,3,0,0,0,0,0,-5,0,0,-3.5,0,0,0,0,0.6,0,21,9.3,0,0,0,0,0,0,0,-3.8,1,0,3,0,2.8,0,0,2,0,0,9,0.7,2.7,0.8,4.8,-1,1.5,0,3,0,0,0,1,0.6,0,0,0,13.6,0,0.8,0,0,0,0,0,9,0,2.8,2.6,0,0,0,0,0,0,0,1,0,0,0,0,0,0,4,19.9,0,0,0
1998-02-01,7,17.9,0,65,1.5,3.5,14.3,3.2,0,0,3.4,31,2,1.1,28,11,-5,24.5,11.5,18.6,73.5,3,30,8,2.8,0,11,9.3,0,25.2,15,7,44.5,4,20.5,15.8,12.5,28,3,2,4.4,7.8,4,0,0,9,9,13.2,12.5,17.4,24.8,-1,3,5.4,5,31.4,0,23.2,2.5,16.6,2.9,15.8,34.7,13.6,0,25.7,40,10.5,0,0,5.6,13.3,0,7,1.1,0,10.5,2,0,0,0,7.5,18,25,20,13,0,0,3,2,55.9,0,0,0
1998-03-01,0,13.7,0,25,3.5,39,24.1,30,0,0,19,37.5,0,3.1,41,0,11,40.5,16,21.6,38.5,5,26,0,27.7,8,25,6.8,0,20.6,34.6,20,23.4,0,53,19.2,22,25,0,11.5,4.8,16.7,0,16,0.4,1,9,3,30.3,32.5,36,-1,2.9,42.2,4,58.8,0,6.1,8.5,27.1,2.6,36.6,47.3,13.6,0,33.4,79,0.7,0,11,18,11.9,0,15.8,1.8,3,0,1.5,8.5,0,0,9,44.5,26.5,22,29,0,0,2,3,62.2,12,-1.3,0
1998-04-01,13.5,9,0,0,7,8,4.2,3,0,4,3.5,0,0,5.8,2,0,9.7,0,6.5,11.8,0,0,0,2.5,9.2,7,1,9.3,11.8,0,0.5,0,0,0,0,-1.4,0,1,0,8.5,28.7,8.9,0,0,0.7,0,9,1,0,10.1,0,2.1,23,1.5,10.5,3.4,15,0,4,15.2,14.3,2.5,0.5,22.7,4,0.9,1,0,0,0,-7.4,20.5,61.2,2.2,4.2,9,0,0,3.6,9,9,2.7,0,0,0,22,9,0,8,6,24.3,11,0,5
1998-05-01,1,0,8,0,16.7,0,0,0.5,0,8,0,0,0,12.3,0,0,-1,0,1,19.9,0,1.5,0,9.5,0,9,0,9.3,10.8,0,0,0,0,0,0,-2.7,0,0,0,7.5,21.5,1.3,2,0,8,0,19.3,0,0,5.3,0,-1,17.2,0,14.5,0,46,2.3,2.8,0,15.9,0,0,28.8,2,0,0,0,15,0,-7.6,29.1,15.8,0,4.4,5.5,1,9.5,10.3,0,0,9.3,0,0,0,0,15,15.5,14,6.3,21.9,3,0,0
1998-06-01,61.5,12.5,16,3.5,6.5,15.5,17.2,30,23,54,31,9,62,90,63,62,104.6,35.5,88.5,73.3,5,95.5,11,70,54.9,11.5,25.5,9.3,37.2,5.3,3,22,42,10,4.9,17.3,30.1,7,30,32,35.1,52.7,51,41,3.9,27,9,7,43.7,32.8,48,7,39.2,58.2,23,12.4,53,3.2,35,32.3,33.3,40.6,10.3,102.5,52,26.8,22,24,60,28,23.1,26.2,20.2,16.3,12.5,75,56.4,87,37.6,34,34,54.8,25.9,16.1,54.5,15,87.6,0,12,16.7,58.7,82,0,13
1998-07-01,126,28.3,0,1.5,25.5,26.5,61.6,5.8,8,52,43,23,194,8.8,15,20,9.7,18,57.5,61.3,0,7.5,0,51.5,33.6,11,13,67.7,19.5,0,17,41,0,6,30,-1,5,5.5,20,44,20.9,60.1,9,35.6,2.4,34,64.6,0,48,27.8,51,-1,20.3,51.5,23.5,46.5,10,0,40,0.7,50.3,48,10.5,64.7,52,59,4.3,45.3,45,34.8,20.4,26.2,12.2,62.9,8.6,35.8,55.1,33.5,13.3,43,43,92,21.8,4,18.5,0,50.4,83,12,11.7,25,11,32,0
1998-08-01,146,262.2,64,37,51.2,81.7,119.9,61.9,69,57,45,67.8,54,33.3,142,95,64.5,148.1,341,20,39,74,181,212.5,28.4,30,90.5,54.9,35.5,83.4,156.6,67,19.6,22.5,72,85.5,33.5,70,40.6,170.5,41,168.5,156,97,14.9,26,150.6,49.5,121.6,116.5,39.8,11.3,26.2,54.2,22,150.8,136,81.3,38,66.3,119.1,112.2,193.8,84.5,86.5,153.3,93.5,57,15,57.1,67.1,56.3,3,38.1,6.8,12,81.3,55,68.8,18,18,164,180,81.8,141,24,69.8,211.5,33,9.4,184.3,52,25,20
1998-09-01,326,232,33,58.5,109.5,222.9,207.4,199.4,49,81,117.1,169,77,59.7,133,26,77.8,109.5,357.6,169,102,12,130,249,115.5,0,102.5,73.2,19,224.1,96.6,101,131.2,12,116,129.3,135,145,26,150.6,92.9,387.8,203,208,14.9,31,160.3,155,170.2,262.5,115,15.5,60.8,83.2,22,173.1,47,136.3,87.1,131.4,159.7,102.6,233.6,152,200,203.9,121.3,93,30,179,69.5,110.7,37.8,154.4,6,38,75.6,0,38.5,63,63,259.5,101.2,166.5,176,163,136.4,226,71,8.4,265,62,35,27
1998-10-01,67,38.7,0,72.5,53,86.4,65.5,75.1,0,47,149.5,37,36,33.3,27,10,93.9,28.5,90,35.4,22.8,44,78,73.5,78.9,14.5,71.5,9.3,21.2,36.5,6.1,93,20.5,38.5,26.5,31.4,113,20.5,7,100,33.7,156.2,51,102,5.3,13,108.8,97,88.9,116.1,62.8,-1,16.8,24.5,10.5,67.1,74,25.8,26.5,61.7,56.2,44.3,35.7,53.9,34.5,39.3,31.9,35.8,0,117,29.6,16.2,26.4,134.1,21,11,43.4,13.5,21.4,10,10,96,54.9,50.6,12.4,68,39.7,149,5,27.6,84.6,74,0,0
1998-11-01,2,63.3,4,21,0,26,24.3,25.4,0,0,52.7,30,10,0,44,14,-5,34.6,33.8,57.9,40,3.5,19,16,35.4,0,57,9.3,0.5,39.1,34,56,69.5,11,41.3,13.1,43,26.5,3,7,3.3,61.3,0,34,1.4,13,9,17.5,60.4,34.1,60.1,-1,2.4,57.4,11,47,7,9.3,25.3,51.6,2.2,79,37.3,13.6,0,47,28.5,5,0,67,23.2,11.9,0,83.6,1.1,0,0.5,5,3.6,0,0,2,36.1,31.7,16.5,28,0,0,2,2.1,51,0,0,0
1998-12-01,0,5.2,-1.1,2.5,0,4.4,-0.8,4.8,3,0,3.2,4.4,0,0,10,-2.3,-5,7.7,5.5,2.5,5,0,0,0,1.4,0,3.5,9.3,0,0,2.3,0,0,0,0,-5,4,-2,0,0,1.8,6.6,-7.7,2,0,0,9,6,2.4,6,0,-1,1.1,3.5,5.9,0,0,0.6,3,1.6,0,9.5,1.3,13.6,0,0.9,1.1,2,0,4.1,0,8.8,0,4.3,3.1,0,0.5,0,0,-2.8,-2.7,0,2.2,2.7,2.5,6,0,0,-0.2,4.6,17.6,0,0,0
1999-01-01,0,0,0,0,0,0,0,0,0,0,0,0,0,0,3,0,-5,0,0,0,0,0,0,0,0,0,0,9.3,0,0,0,0,0,2.2,0,-3.9,0,0,0,0,1.7,0,0,0,0,0,9,0,0,0,0,-1,0,0,2,0,0,0,0,0,0,0,0,13.6,0,0,0,0,0,0,0,9,0,0,3.1,0,0,0,0,0,0,0,0,0,0,0,0,0,0,4.6,19.7,0,0,0
1999-02-01,0,0,0,0.5,4,10,0,6.7,0,0,0,2,0,3.2,0,0,-5,0,0,0,0,0,0,0,2.7,5.4,0,9.3,0,0,0,0,1,2.2,1.5,-1.1,0,0,0,2,3.4,0,0,0,1,0,9,0,0,2.2,0,-1,0,0,2,0,5.1,7.2,0,0,2.7,0,1.9,13.6,0,1,1.5,0,0,0,0,9,0,0,3.1,0,0,1.1,0,0,0,0,0,0,0,0,0,0,0,4.6,24.8,0,0,0
1999-03-01,3,25.8,0,59,0,23.8,32.7,16.5,2,3,24.1,45.5,17,2.8,21,0,29.7,25.5,11,25,35,0,15,0,11.6,12,25,9.3,4,42.8,49.8,24,31.3,3.1,27.7,1,25,25,0,28.5,2.3,18.4,0,43,12.3,2,14.6,34.5,10.8,33.6,0,-1,0,67.5,4.5,51.6,34,3.2,20.6,12.6,17.9,46.3,41.4,13.6,39.5,3.8,8.7,1.8,0,77,7.1,9,0,8.7,4.3,0,6.5,6,1.3,7,7,49,10.2,61.7,11,15,0,8.5,0,6.1,28.6,26,0,0
1999-04-01,24.5,5.7,0,1.5,0,50.7,8.6,12.4,0,10,8,13,0,4.2,11,0,-5,20.5,17,0,0,16,8,28,9.5,10.5,2,9.3,2.8,15.2,0,0,20,2.4,6,1.9,59,0,0,4.5,10.5,25.5,5,0,0.5,1,9,0,5.1,10.5,0,14.3,0,5,11.5,0,0,3.4,8,9.3,14.2,13.7,0,13.6,-5.2,10.3,10.5,6,0,0,0,30.5,0,39,5.7,8,0,0,2.7,0,0,9,9,4.5,6.5,20,0,0,15,7.9,30.4,0,0,25
1999-05-01,9.5,34.1,0,61.5,0.5,61.2,36.7,89.8,7,14,61.6,36,22.5,46.6,10,0,21.7,10.7,51,72,25.5,16,5,3.5,89.7,5,41.5,9.3,11.8,48.9,13.7,59,83,14.5,22,10,54,9,80,4.5,16,40.3,5,45,0,2,9,13,77.7,46,0,8.2,0,23.5,18,7.5,12,7.4,23,14.3,21.2,92.6,16.2,31,10.4,25,38.3,2,0,43,81.4,21.9,0,59.5,8.2,0,20,17,12.4,20.5,20.5,4.5,21.7,24.3,38,33,17.1,0,9,11.2,45.3,20,0,15
1999-06-01,44,103.9,46,46.5,29.2,265.3,245.7,255.1,25,92,104.8,77.5,102,59.7,50,156,113.9,119.2,170,32.5,129.5,34,107,51.5,101.2,29.5,16.5,31.2,49.9,125.8,85.8,103,80.3,42.2,27,47.1,38,74,60.9,51.5,28.6,240.4,16,97,33.9,50,47.8,146.5,66.4,325.5,0,55.8,0,65.5,22,62.6,69,43.2,121.5,73.8,50.7,191.1,72.4,66.3,83,125.4,103,95.8,63,86,32.8,29.1,15.3,109.4,34.6,48,115.9,54.5,38.4,61,61,66,120.7,32.5,181,163,51.9,58,14,45.1,113.5,89,12,93
1999-07-01,64.5,145.3,21,15.5,108,159,136.6,169.1,18,72,73.5,89.5,29.7,77.7,87,117.4,84.5,142,58.1,46.8,64.2,12,96,35,121.9,51,66,9.3,43,46.2,59.2,154,45.5,40.7,64.9,45.3,141,84,157,126,51.8,175.1,40,117,140.8,31,20,58.4,115.6,198.8,68.8,-1,0,83.5,20,57.3,92,36.2,61,100.1,212.7,0,85.8,35.1,82.4,70.7,64.2,61.8,20,63,0,27.7,60,76.4,33,77,75.5,15,32.8,34,34,172.5,40,42.7,41,111,21.2,16.5,13,43,110.3,67,0,0
1999-08-01,128,0,27.8,163.5,11,4,7,4.9,37,26,34.9,107.9,30,0,84,57,40.4,111.5,190.6,4,35.1,5,59,48,29,6.5,33.5,42.1,17.3,108,31.2,53,6,21,0,61.3,52,127.5,60,32,4.5,51,128,19,23.7,14,231.7,45,10.8,15.5,22.6,11.3,0,14,22,54.7,0,4.7,3,54.9,52.9,200.2,6.3,13.6,10.3,56.1,135,18.3,28,24.5,0,9,0,36.2,18.9,21,78,33,10.4,9,9,40,13,104,57,0,0,332.5,0,24.9,139.7,34,18,20
1999-09-01,143,127,20.6,17,140.3,159,143.2,98.3,19,68.2,98.1,79.5,16,37.9,103,34.9,40.4,73.2,167.1,69.9,58.7,15,0,107,75.8,10,70.5,9.3,3,60.5,67.2,107,49,12,58,69.1,62,13.5,30,80,48.2,174.9,97,94,32.8,5,132.9,26.5,86.3,211.3,67.8,-1,0,85.5,15.5,74.8,51,59.1,85,96.5,55.6,96.3,113.2,55.3,70.4,91.4,87.5,28.9,63,78,20.5,17.6,45,105,5.7,5,52.5,6,5.2,33,33,93,82.8,82.5,74.5,147,41.1,185,6,7.9,154.2,34,0,0
1999-10-01,77,25.7,0,32,32.5,102,56.9,64.8,11,62,53.5,17,34,41.4,20,18.5,64.5,6,97.4,6.2,11.9,16,3,87.5,45.9,30,19,27.5,24.5,22,26,22.2,8.6,4.8,25,11.4,22,8,30,21,21.5,48.1,30,102,34.3,0,80,22,14.3,45,12.4,8.2,0,41.5,7.5,15.2,47,5.4,46,9,45.3,63.6,20,94.4,44.6,57.3,27.5,11.4,10,76.5,0,17.6,0,74.2,17,14,21,25,12.8,12,12,90.5,15,35,32,0,79.6,106,6,22.5,47.8,52,10,15
1999-11-01,0,0,0,0,7.5,11,1,7.2,0,0,1,6.7,0,1.1,6,-5.3,-5,6,0.5,0,-1.2,0,3,0,0.7,0,9.5,9.3,0,0,1.6,0,10.1,0,6,-1.6,0,8,-6.5,6,3.8,0.4,0,1,0,0,10.3,2,0,2.7,6,-1,0,4,3.5,2.3,0,3.3,0,1,1.5,0,0,14.9,-8.7,4.7,4.5,0,0,1,0,9,0,1.5,-0.5,0,0,0,0.5,0,0,2.5,4,2.3,3,3,1.3,2,0,0,23.8,0,0,0
1999-12-01,0,15.4,0,6.5,5,27,22.4,29,0,0,28.3,0,0,0,18,0,-5,19.2,12,24.7,20,0,0,0,26.3,0,26,9.3,0,11.9,16.5,2,25.1,0,14.5,7.4,28,20,50,6,3,3.7,0,29,0,0,18,15.5,27.3,35.5,31.3,-1,0,19.7,8.1,22,5,9,14.9,30.6,0.1,22.4,11.9,13.6,-3.3,17.1,17.1,3.7,0,14,20.3,9,0,21.5,-0.5,7,0,0,0,0,0,6.5,14,9.8,16,33,0,13.5,0,0,40.5,0,0,0
2000-01-01,0,0,0,4.5,5,14,4.7,2.4,0,0,1.7,3,0,4.4,4,0,0.3,1,5,-1.6,24,0,2,0,3,0,1.5,9.3,0,6.9,8.5,0,16.4,0,16.3,-11.3,1,11.5,0,7,7,18,0,6,11.1,0,32.7,1,0.4,29.2,0,-1,3.5,1,2,5.5,0,1.3,1.8,12.1,13.7,2,42.9,13.6,-7.3,6.2,6,0,0,3,0,9,0,3.8,-0.5,0,0,0,0,0,0,9.5,0,9.4,3,8,0,35.5,0,0,6,4,0,0
2000-02-01,2,33.9,0,42,3.5,13,24.3,8.1,0,0,3.6,8.8,0,2.4,8,0,-5,6.2,20.5,8.5,12.5,1,12,0,7.5,0,1,9.3,0,23,0,0,6.6,0,2,1.7,0,3.5,0,3,2,32.1,0,5,0,0,9,18.5,3.1,52,0,-1,0,6.5,7.5,12,0,6.4,12.5,31.3,0,37.1,48.5,22.7,-4.3,29.5,15,4.3,0,2,0,9,0,3.7,-0.5,0,0,0,0,0,0,4,25.5,18,12,3,9,0,0,0,30,0,0,0
2000-03-01,16.2,12.6,0,10.5,2.5,49,13,21,0,14,13.7,3.5,5,0,2,4,5.7,2.2,12.5,15.4,35.5,9,0,0,9.7,5,2,9.3,10.4,4,0.8,5,2.8,8,11.5,-4.3,8,1,16,0,1,12.4,13,0,5.1,4,18.3,10,14.6,13.5,0,-1,0,0,12,0,4,4.9,8,7.3,4.5,24.4,2.3,20.1,0.8,7.4,3,8,0,0,0,13.3,14.2,5.5,0.3,0,3.5,0,4,6,6,6.5,0,1.9,8,6.5,6.4,14,3,1,19,8,0,0
2000-04-01,19.5,13.7,0,5.5,1.5,17.5,4.2,17.2,0,3,3.5,31,0,1.8,27,0,0.3,7.1,16,18.2,8.5,22,10,0,12.2,0,23,9.3,3.2,42,48.6,6,27.6,0,23,-11.9,1,3.5,0,6,20.5,58.6,10,2,19.3,0,19.2,40,32,33.5,13,-1,25.5,19.1,9.5,88.3,0,0,5.5,9.1,13.7,14.5,15.3,20.2,-4.7,26.7,17,0.6,0,0,0,9,0,3.7,-0.5,15,0,0,19.5,11,11,20,15.8,16,19,0,6.5,15.3,0,0,5,4,0,0
2000-05-01,71,100.1,0,121.5,4.5,162,101.6,132.7,19,17,99,48.5,120,53,84,16,8.3,87.5,133.5,68.4,27,30,0,0,138.1,14,137,83.7,11.5,122.1,109.2,90,34.2,18,35.1,-8.1,158,111,44,23.5,44,172.7,18,129,62.3,28,27,44,156.4,102.3,131.8,26.5,34,88.1,18,78.2,70,7.8,6.9,60.7,72.3,137.7,56.3,51.9,34.6,100.6,32.5,41.8,0,97,0,13.3,24.5,117.4,6.7,28.5,48,76.5,50.1,26,26,35,57,111.6,49,40,37.7,27,3,9.3,12,10,40.8,45
2000-06-01,174.5,104.7,64.4,26,51.2,25,50.5,25.7,44,62,62.8,38,74,183.9,131,122,305,141.2,154.5,62.4,70,132.5,16,101,39.7,53,53.8,108.9,70.7,16.3,87.2,87,38.8,43.5,39,135.5,93,102,21,207.5,90,193.1,62,30,163.5,95,49.8,8.3,104,64.8,102,77.2,61.5,59.9,20.5,98.3,132,27.2,8.5,96.3,183.8,94,44,88.4,144.5,26,123.5,49,24,34,20,86.4,123.4,58.2,7.5,29,63.5,93,13.6,51,51,166.5,57.7,21.5,88,2.5,73.7,61,54,10.3,276.5,232,54.6,128
2000-07-01,84.5,20.5,40,4.5,2,10,21.3,0.5,8,32,2.4,3,98,41.6,0,77.9,-5,12.5,11.5,42.1,0,18.5,0,43,9.5,8,7.5,9.3,0.5,13.2,33,0,19,22,4,-9.1,12,7.5,65,29,3,6.2,3,5,32.1,21,22.4,0,26.2,0.5,0,11.3,0,12.2,23,24,0,0,3,13,47.8,11.5,10.3,82.2,2.8,0,2,26.7,5.5,3.5,0,23.4,0,3.8,-0.5,31,105.5,28.5,4,10,10,11.5,3,11.2,6,2,67.6,20,10,0,10,0,0,20
2000-08-01,157,93.3,9,2.5,58.5,84,95.7,46.7,48,56,119.3,49.5,90,48.5,25,44,81.8,31.8,84,43.7,3.5,86,0,0,62.4,2.5,77,9.3,47.6,14.3,26.1,86,9.7,15,36,6.6,80,17,11,68.5,36.5,165.6,39,40,70.2,53,61.9,0,56.6,94.8,29.5,-1,38.3,23.9,21.5,54.4,58,22,26,48.8,145,82.4,13,52.8,59.8,20.1,37.5,45.4,9,71,35.7,37.7,24.3,86.9,19.8,26,47.5,63.5,54.7,42.5,42.5,85,25.1,10.9,51,11.3,38.6,79.1,20,26.1,39,65,0,0
2000-09-01,155,72.1,7,55,70,104.8,194.5,58.7,7,109,79,102,10,3.4,65,72,80.5,73.5,178.5,58.8,9.5,39,56,0,103,0,70.5,9.3,3,112.2,63.4,39,27,22,48,49.5,36,62.5,13,54,31,201.3,94,129,40.1,6,64.6,71,136.3,226.5,93.1,-1,29.1,76.9,13.5,124.2,40,82.7,68,130.4,63.5,96.6,54.7,37.5,65.7,228.8,142.5,16.5,0,98,34.2,9,0,99.7,4.4,46,17,20,0,8,8,86.5,149.3,74.5,150,116.7,23.5,83,0,6.3,118,64,0,0
2000-10-01,101.5,279.1,25,96.5,134,113,203,146.7,24,77,130.5,117,90,114.1,173,30,79.2,46.5,279,96.1,44,16,55,122.3,159,32.5,119,9.3,28.9,217.8,140.6,115,60.2,5,55.7,154.8,115,96.5,26,122.5,153,323.4,145,126,10.1,19,64.9,98.3,106.1,225.5,175.4,-1,128,155.1,6,81,82,57.2,120,140.8,139,185.7,102.8,63.6,96.9,269.4,75.2,49.5,2,86,0,36.2,30.8,127.6,14.1,48,29.5,24.5,32.8,28,28,180,140.5,185.6,123,245.6,49.3,83.5,19,18.7,312,63,0,0
2000-11-01,46.5,44.5,3,54,7.3,28.3,32.7,16.3,44,40,42,17.5,20,13.7,30,30,19,21.8,27,11.1,5,18.5,6,24.8,27.6,29.5,2,9.3,25.6,16.9,14.5,11,16.1,9.5,22.2,75,5,21,13,11,9,36.4,21,5.6,4,19,34.1,45,7.9,33.9,5.5,-1,12,11.6,5.5,16.1,27,17.7,7,20.5,11,21.5,38.3,29,22.9,20.9,17.8,39.8,0,1,0,23.4,12.3,16.3,2.8,10,14.5,31.5,22.3,0,0,9.5,29,21.4,24,34,15.2,37.5,10,4.2,165,18,0,0
2000-12-01,10,23.4,0,12,13.3,25.3,19.5,32.1,3,11,28.2,19.4,0,13.4,33,18.9,41.7,9,17.5,12.1,25,0,0,4,23.7,19,19.5,9.3,13,11.9,14.7,25.2,15.4,12,9.7,-14.6,25,23,17,17,5,17.1,0,28.6,27,7,14.5,5,22.3,22.5,14.3,-1,11.5,15.5,5.5,12,25,1.6,13,32.1,3.8,20.2,14.2,13.6,17.4,8.3,12.9,4.5,0,20,16.5,9,8.2,28.8,-0.4,2,6,22.2,8.8,4,4,4,10,3.7,12,31,0,8.3,0,0.1,0,35,0,0
2001-01-01,11,47.1,5,13.5,6,16.4,9.2,17.6,8,0,17.5,24.6,0,19,33,0,28.4,31.5,19,11.5,8,0,3,6.6,11.4,10,1.5,9.3,8,17.9,14.8,13,15.1,25,19.7,1.7,14,27.5,0,9,16,20.1,1,15.4,0,6,13,13.4,9,19.8,3.8,17.4,27,11,-1,18.9,10,11.4,11.7,32.8,13.6,11,19.1,13.6,9.3,12.3,20.1,5.2,15,12,3,9,20.3,16.8,-0.5,20,0,8.3,15.5,0,0,8,37,16.5,12,19,0,6,0,0,30,25,0,30
2001-02-01,25,5.3,20,17.5,2,16.5,13.1,5.6,25,38,8,17,51.3,9.5,31,0,53.8,19,16.5,27.9,43,43.5,10,21,15.1,18,19,9.3,20.5,31.9,25.3,15,32.8,5.5,22.5,-14.6,13,16.5,0,4,12,39.5,11,13.9,20,14,34.1,21.8,26.4,9.2,26.5,-1,60,2,6,15.6,27,25.3,21.3,13.5,4.4,34.9,31.3,85.1,26.3,47.9,16,21.5,0,8,17,9,4,13.1,25.8,27,18,28.5,15.5,0,0,4,26,49.7,33,13,70.5,37.5,0,33.7,0,44,0,0
2001-03-01,46.5,68.7,22,30.5,17.5,48,34.1,38.4,0,50,38.6,35,100,30,26,28,31.1,18.1,28.3,17.7,21.5,1.4,36,27.9,42.5,26.5,32,9.3,21,22.4,18.2,69,38.9,12,49.8,-14.6,37,25.5,14,30,12,34.6,9,26.9,54,35,30.4,19.4,43.2,36.1,44.9,-1,30,38,5.5,30.2,71,21.2,8.2,23.6,33.8,30.2,32.4,56.7,0,31.2,24.6,40.5,15,11,41.1,9,18.5,39.4,11,23,26.5,25.5,33.1,7,7,27,31.5,19.6,22,33,42.5,32,0,14.7,0,27,0,0
2001-04-01,42,78,0,13.5,37.2,27,52.5,78.5,56,22,91.4,11,29,47.3,17.8,30,24.4,17.7,28,11.6,6,6.7,3,20.5,65.9,29,44,9.3,37.3,26.6,11.2,39,32,17,15.5,-14.6,65,14,0,20.5,31.5,36.7,4,38.1,20,8,27,8,43.2,66.3,17,29.6,38.1,26.6,13,11.5,48,2.8,29.6,22.4,42.4,47.4,11.2,22.3,28,18.6,8.9,22,28,36,39,9,40.7,56.7,12.3,38,39,37.8,37.7,33,33,45,15,4.9,18,69,8.6,27,0,16.4,0,22,0,50
2001-05-01,18.5,15.4,0,43.5,43.5,69.9,36.3,104.9,33,23,56.3,10,80,50.8,35.4,0,37.7,19.8,26,42,45,60,5.9,16.5,76.6,55,86,9.3,27.5,5.2,50.2,33,26,10,44.5,6.6,95,50,0,33,52,57,10,13.5,25,10,41.1,15.6,185.8,75.1,71.8,64.4,47,69.4,18,15.6,43,0,11.1,19.4,37.2,20.5,49.3,26,46,16.9,2,9,58,22,78.3,46.3,48,34.3,46.3,73,23,76,37.6,22,22,31,14.5,12.2,7,48,12.2,48,26,60.1,39,32,0,107
2001-06-01,62,99.6,10,88.5,59.4,81,111.7,97.3,14,46,63,137,29.4,122,91,28,40.4,31,131,90.3,32,26.5,47.4,27.5,93,3,117.5,53.1,16,57.4,102.7,91,34.5,17,53,24,83.6,75,10,32,40.5,114.9,62,60,143,0,41.1,41.7,75.4,83.2,79.5,16.1,91.6,16.5,20,56.5,76,3.6,40.1,30.5,36.3,80,81.1,27.5,23,35.8,17.5,18.8,10,41,126.2,47.7,54,70.4,7.7,15,58,39,22.1,19,19,67,51,23,29,153,13.7,48,27,10.5,71,34,24,28
2001-07-01,17,25.9,0,10,51,131.5,127.4,91.3,0,15,126.5,14,0,95.3,4,0,41.7,18.5,133.5,7.3,6,10.9,43,6.5,117.7,6.5,13.5,9.3,46.5,3.5,1.2,13,6.7,21.5,21.5,-8.1,36,3,60,29,20.5,179.1,4,44,53,17,36.8,9.2,8.4,85.8,4.8,15.5,27.3,24.6,22,11.7,77,20.7,58,16.4,24.6,20.8,9.2,48.3,9,5.9,12.5,14.5,184,50,31.2,14.8,19.4,24.6,1.1,61,74,30,45.5,23,23,72,17.5,13.7,19,117,34.2,41.5,4,2.1,12,35,0,27
2001-08-01,84,25.8,20,22,156.5,75,35.7,93.3,9,119,40.8,99.5,0,103,140,26,56.4,84.8,58,83.3,86,32.7,15,52,61.1,60,73.5,45.8,23,68.2,30.9,71,91.4,60,32.5,34.4,83,85,30,99.5,87.5,92.6,29,42.5,20,6.6,99.5,11.8,80.1,81.4,105.8,51,130.3,9,22,29.6,99,30,42.5,104.4,41.3,114.8,12.7,56.1,65,44.4,30.5,73.8,90,28,89,66.5,50.9,119,57.1,24,86,42,61.3,110,110,64,26.5,2.5,15,48,41.9,135.1,40.1,73.9,90.1,46,20,85
2001-09-01,201,564.9,14,136.5,110.5,297.5,465.6,371.4,34,250,235,132.5,0,179,235,93,341.1,156.8,344.5,230.6,135.5,58.5,101.6,249.5,283.1,43.5,442,133.4,45,244.4,170.3,345,80.8,21,65,96.7,331,286,0,215,168,422.1,163.3,313,176,21,240.9,118.2,257.9,396.9,358.8,99.2,75.5,238.2,16,61.4,176,59.8,105,274.1,178.5,443,178.4,151.7,260,267.9,121,17.5,100,256,328,50.6,99.4,286.5,29.7,40,53.1,106.5,73.7,60,60,250.5,90,110.1,248,475,136.1,346.2,29,38.8,205,259,68,164
2001-10-01,21.5,42,0,6,20.5,54,57,60.6,3,27,5.6,6.5,0,13.8,9,0,45.8,18.6,107,0,0,56.5,3,29,52.1,17.5,0,9.3,21,5.8,0,0,0,10.5,1.5,5,5,18,0,63,10.5,156.2,30.5,0,33,14,41.8,3.4,15.3,91.5,13,-1,3,9,7.5,4,36,14.4,67.3,67.3,33.1,76.4,1.3,48.8,38,17.2,20.5,26.5,0,20,0,16.2,9.3,25,11.7,17,12,26,12.2,30,30,54.5,13,1.5,10,36.6,34.7,49,5,15.6,36,38,0,0
2001-11-01,18,131.2,35,17,23.5,52,45.7,72.5,18,10,49.3,48.5,0,31.4,38,5,21.7,44.6,43,102.1,38.5,34,30.3,10,69.6,14,78,9.3,12,19.9,32.9,28.3,74.7,6,65.5,8.2,82,14,0,11,5,80.6,17,49,0,15,19.9,25.7,54.1,117.2,17.5,14.3,2.8,57,2.5,35,13,25,14.2,68.6,13.5,96.9,28.2,26.8,5,59.8,31,9,0,55,28.4,9,0,38,14.6,16,5,25,7,0,0,23,42,18.8,57,114,13,16.3,0,19.4,42,20,0,25
2001-12-01,17,24.4,3,18.5,1,0,2.9,3.9,8.6,10,2.7,4.8,0,3.4,5,0,11,1.9,4.5,6.6,6,9,23,8,0.3,5.5,5,9.3,8,11.4,4.8,0,6.2,4.5,23.5,-14.6,4,-1.8,-2.5,0,0,4,1,5,0,2,15.1,22,4.3,4.3,3.5,2.1,1,7,7.1,9.3,32.5,7,5,5.9,2.8,3.5,24.6,45,4,8.9,2.8,10.3,0,0,0,9,0,4.2,3.5,2,9,21.5,5,0,0,1,12.7,8.9,4,0,30.9,9.2,0,5.1,0,12,0,5
2002-01-01,0,4.3,0,45.5,8.5,5,3.5,7.5,0.5,7,2.3,1.5,4,14.4,0,0,5.7,0,0.5,0,0,0,0.2,0,4,2,0,9.3,9,0,1.2,0,0,0,0.4,-14.6,2,0,-5.2,3,7,1.8,0,0,3,2,9.2,32.5,-0.1,3.7,0,20.4,15,0,-3,0,10,0,2,0,12.4,2.5,6,16,5,0,0.5,0.4,18,0,2.3,26.2,17.3,1,6,15,2,20,12,0,0,5,0,-2.1,-4,0,2.4,0.3,12,8.4,0,8,0,35
2002-02-01,8.5,8.5,4,0,21,18,17.2,20.1,15,13,15.7,1,38,42.5,2,0,3,1.9,7.5,0,3.5,1.8,0.5,10.5,18.1,36.5,7.5,31.2,2,2.2,3.1,18,0.5,22,7.5,-14.6,9,3.5,7.2,8.5,23,8.1,3,13.5,0,7,19.1,0,5,25.8,0,20.4,55,4.5,3,1,24,0,5.9,0,31.9,4.5,4.1,13.6,10,2.3,1.5,10.3,22,9,10.1,46.3,35,11.8,26.9,31,12,28,33.3,47,47,28,0,-1.5,-2.9,1,0,15.1,26,35.1,0,6,12,35
2002-03-01,3.5,56,0,0,0,37,32.4,34.8,0,0,0,1.5,0,0,1,0,-5,1.5,14,0,2.5,0,0.2,0,3.1,0,0,29.4,0,0,0,0,0,11,2,-14.6,0,0,0,0,0,19.3,5,0,6,3,10.4,1,-0.5,25.3,0,-1,3,0,2.5,0,0,0,60.2,2.1,0,30.2,0,13.6,1,0,1.7,0.6,0,0,0,9,0,0,-0.5,0,0,1,1,0,0,3,0,-3.7,-4,0,0,2.2,0,0,0,0,11,0
2002-04-01,27,32.2,0,14,49,21.5,27.9,34.1,11,37,11.8,9.5,96,45.8,25,0,93.9,6,51.5,7.9,7,2.3,11.6,24.4,21.2,48,10.5,31.2,68,11.9,12.6,6,6.3,28,13,-14.6,10,11,0,48,60,17,4,5,46,7,22.4,36,11.6,14.6,11.3,-1,48.7,13,14,6.4,68,0,12.5,7,41.8,17.5,9.3,33.7,60,13.2,8,10.3,58,3,16.9,39.1,43.2,10.5,45.1,43,33,36,70.5,4,4,63.5,1,5.4,5,13,19.8,20.1,21,58.5,0,74,12,0
2002-05-01,60,37.7,20,53.5,70.8,27.5,10.8,39.2,8,85,44.5,46.5,27,34.3,0,0,146,10,9,12.8,26.5,0,36.4,20.5,17.5,34.2,31,71.3,17,44.1,17.8,17,18.7,10,7,-14.4,17,8,0,12,86,3.5,9,24.5,40,25,77.9,80.5,13.8,18.9,0,26.5,68,6,16.5,56.2,50,25.6,0,0,97.1,0,8.7,53.5,9,74.5,20.5,15.5,40,25,15.2,23.4,48.9,17.3,9.2,72,23,31.5,48.7,22,22,24,74.5,46.5,53.9,10,39.4,102.9,10,12.5,0.4,113,34,45
2002-06-01,137,95.8,0,40,83,194,204.2,191.7,4,28,114,46.5,65,81.1,90,66,53.6,115.5,84,12.3,39.5,3.5,27.6,43,166.2,21,121,82.3,15,32,67.9,59,9.2,7.5,5.5,32.1,128,82,0,81.5,93,65.2,77,77.5,35,1,37.4,36,85.7,158.5,45.3,-1,30.4,35,20,52,77,31.4,48.5,55.7,79.7,103.9,4.5,38.8,27,61.5,50,19.3,50,77,60.2,57.7,62,25.6,43.7,55,45,45.5,32,29,29,105,24,26.9,31.3,16,24.8,42.5,34,56.7,86,43.9,40,0
2002-07-01,201,118.6,78,118.5,65,71,81.7,16.8,105,84,103.2,151,228,193.8,196,74,44.4,160.5,209,201,96,81,215.7,201.6,61.5,84,257.5,131.6,37.5,204.6,28.2,120.8,119.7,25,187,178.9,139,221,12,93,76,79.6,105,160.5,74.2,86,73.6,132.5,201,156.9,216.6,26.5,72.3,138,21.5,198.7,63.5,92.3,41.2,126.8,170.8,138,194.6,110.6,43.5,174.6,102,95.6,0,95,217.6,9,23.9,95.7,72.1,110,44,152.5,145.4,34,34,145,149,179.6,182.4,225.4,95.6,96.5,0,93.1,356.5,37,67,45
2002-08-01,59,93.2,17,35,13.9,104,32.8,27.6,21,55,31,68,0,59,62,97,28.4,11.1,11,11,23,43.5,28.3,77.5,56,31,48,49.4,26,3.2,161,23,5.7,15,20,27.2,16,43.5,0,55,57,63,5,25,42.3,27,49.3,5,61.6,17.5,41,5.1,56.3,115,22,38.5,56.5,22.6,18.8,40.9,67.7,60.5,55.8,44.5,43,28.6,98.5,32.6,0,47,50.7,9,33.5,29.2,18.8,61,61,77,51.8,20,20,60,48,30,24.4,0,30.4,60.3,0,24.8,77,25,22,10
2002-09-01,173.9,407.2,12,114,85.3,275,350.9,219.4,19,175,243.8,245.5,0,172.7,207.2,106,99.2,213.5,305.5,279.7,176,30.5,94.5,237,313.4,40,343,137,16,137.1,285.5,247,162.4,48,78.5,144.5,321,237,17,279.5,111,575.9,93,259,85.2,40,333,219.5,273.4,534,233.1,44.2,67.5,140,16,188.3,144,114.2,200.7,312.2,158.6,298.4,171.9,138.4,215,208.1,199,105.2,147,234,345.9,23.4,41.4,275.2,29.1,56,61.2,85,41,68,68,350,201,176.2,157.2,106,123,483.8,10,38,293,78,70,74
2002-10-01,143,308.2,39,48,64,197.5,154.6,185.4,89,60,181.1,95,0,88,95,167,59.1,113,218,163.7,190,39.7,71.5,93.5,172,74.5,199.5,124.3,12.5,66.8,109.6,283,119.2,38,98.9,94.5,185,102.9,20,127,94.5,292,52,200,60,41,115.9,58.7,194.3,281.4,232.3,69.3,123.6,117,12,82.4,132,56.9,40,103.2,107.1,299.6,118.6,148.1,78,107,71,62.4,158,214,170.9,9,89.8,191,89.7,89,62.5,123,96.6,72,72,119,102,95.3,83.7,66.5,132.6,159.7,0,115.8,201,48,63,115
2002-11-01,20.5,8.6,5,21.5,6,18,22.3,17,14,21,13.8,13,17,27.2,39,0,-5,18,26.5,20.9,39.5,8.4,8.3,6,16.9,48,17,9.3,44.5,15.8,18.8,18,35,6.5,21,59.8,6,15.5,0,10,12.5,23.1,5,5,4,13,15.3,11.5,18.4,24.9,20.6,-1,10.5,25,6,11.8,54,11.3,14,53.5,14.6,26.1,29.4,28.1,21,20.1,10.3,14,30,11,7.3,9,26.4,61.6,12.4,0,5,21,0,25,25,12,21,18.1,12.3,19.5,14.3,9.5,0,16.5,137,0,0,0
2002-12-01,6,5.3,-0.7,5.2,0,0,5.3,5.9,1.8,0,1.5,2,0,1.4,3,0,-5,2.5,0.5,1.9,0,0,0.3,4,2.2,0,0,9.3,0,0,1.2,0,2.5,0,1.5,-14.6,0,-4.9,0,7.5,9,-4.8,1,0,0,0,10.6,2.5,0.2,7.4,3,-1,0,0,5.9,1.8,3,0,4.7,0.6,3.6,2.9,1.2,60,2,0,1,3.9,0,1,0,9,0,10.4,-0.5,0,0,3,2.5,8,8,7,3,-2.6,-3.1,0,45.7,2.5,0,0,0,0,0,0
2003-01-01,31,179.2,22,14.5,20.5,71.5,79.1,68.8,34.2,17,26.4,21.8,53,42.3,7,4,43.1,9.7,102.5,16.7,65.5,26.5,18,18,42.5,27,16,29.4,1,31.3,20.8,23,27.2,6,13.5,6.6,16,8,15,36.5,33,132.6,17,17.5,24,4,50.2,8,16.2,146.8,17.6,5.1,0,13,0.5,14.3,43,14,33.5,14.6,35.3,74.8,21.2,97.2,18,8,19.5,9.3,40,21,12.7,23.4,18.3,69.1,15.1,5.5,0,43,23,35,35,37.2,11.8,15,13.1,102,82.4,61.5,10,20,39,36,11,10
2003-02-01,57.4,20.2,28,28.5,12,9,13.1,12.8,5.6,25,14,22.5,115,27.6,24,0,16.4,31.1,27,18.3,20,39.5,38,6.9,13.6,27,14.5,29.4,0,23.4,18.3,0,25,0,23.5,-3.7,9,25,14,28.5,22,23.6,5,9.5,3.4,14,39.2,22.5,14,20.7,15,22.3,33.8,15,2,46.7,32,25.5,11.9,52.5,28.4,20.9,66.8,84.6,4,34,19,39.4,25,3,9.5,23.4,20.3,10,15.1,4.5,22,43.5,26.2,23,23,12,49,39.8,33.2,19,70,45.1,10,20,20,16,11,38
2003-03-01,27.3,40.4,28,6,18,19,35.6,45.1,21.3,8,32.3,22.8,9,22.2,18,17,3,23.8,20.6,17.7,37.5,5,33,11,71.8,11,13,51.3,21,9.2,28.8,8,40.2,0,12.3,-14.6,10,11,14,34,15,4.8,24,26,23,6,23.9,3,7.1,73,4.8,11.3,20,1.5,5,8.9,21,23.4,17,10.9,41,28,13.5,51.6,36,9.6,24,20,20,42,16.8,9,21.3,36.6,21.6,0,0,2.5,21,0,0,63,4,5.6,10.1,71,37.4,22.3,0,28.3,0,6,23,20
2003-04-01,19.7,0,0,19,38.5,23,16.1,8.2,0,0,21,3,20,12.4,6,0,-5,3.3,22.6,19.9,27.5,0,11.2,7,6.3,0,11.5,9.3,0,9.2,22.7,39,46.1,0,30.3,-14.6,13,8,0,4,12,22.2,1,13,0,0,15.9,28.5,11.4,24.8,2,-1,0,17,7.5,25,5,1.2,37,1.7,10.9,37.8,43.1,13.6,5,11,5.5,0.6,0,16,15.1,23.4,30.3,5.4,1.8,0,0,1,5.5,0,0,8,1,16.2,6.8,38,0,10.3,10,3,0,0,0,0
2003-05-01,51.3,45.2,0,205,43.5,11,86.3,107.8,21,26,67,95.5,38,41.2,131,0,12.3,101,85.1,30,76.5,34.5,28,41,49.2,28,76.5,49.4,28,50.5,20,75,87.2,1,50,9,57,103,0,15.5,25,129,2,50.5,21,3,25.9,41,69.3,164.3,82,30.2,66.3,46,20,55,36,26.2,94,80.9,32.1,99.9,66.6,40.3,11,81.4,31.5,5.5,7,22,54,9,18.3,69.1,30,17.5,17,76.5,34.5,18,18,18,56,57.8,49.4,147,26.3,25.3,0,39.1,43.5,13,22,51
2003-06-01,57.5,80.7,22,27,18,75,181,88.3,40,72,127,108,46,92,62,30,75.2,112,121.4,31.9,168,69.5,64,35.8,107.6,19,165.5,49.4,64.5,64.7,124.6,217,22.5,10,96,45.7,279,121,11,24.5,89.5,175.2,13,188,95.5,0,68.2,6.5,187.2,172.6,179.8,22.3,29.5,93,21,95.4,41.5,8.3,46,89.2,40.6,130.8,17.2,54.8,35,59.5,57.7,29.4,60,198,251,40,34,310.8,52.2,75.5,25.4,67,14.8,130,130,55,49,44.4,55.3,148,40.6,88.4,21.6,67.6,111,60,22,38
2003-07-01,85.2,33.3,28,30.5,40,53,31.6,49.7,143,76,23.5,90,198.1,83.3,74,6,51.1,90,72.2,139.6,63,78.6,63.7,67.5,62.7,58,34.5,31.2,94.5,120.2,65.1,21,49,25.5,62.7,32.7,36,78.5,30,71.5,45,76,9,9,27,0,54.6,21,48.8,90.7,40.1,47.9,69,69,23,91.5,105,15.3,3.4,0,122.4,25.3,31.3,81.6,12,86.8,46.1,91.4,131,26,17.4,52,0,16.7,114.4,74.7,78,97,60.3,64,64,58,32.4,65.7,69.3,56,67.1,68.1,30,147.4,87,42,12,80
2003-08-01,140.2,249.3,9,23,125.2,294.5,193.2,359.5,17,122,241.1,70,83,160.1,31,34,168.7,86,158.5,68.5,141.5,81.7,74.2,134,206.9,0,140,115.1,65,124.9,55,202,84,26,105.5,96.7,141,64.4,20,269,85,164.1,133,159.5,215,0,69.6,7,115.8,191.7,41,56.5,116.4,111,22,60.5,112,46.4,40.5,124.7,251.4,125.5,84.5,107.5,227,42.6,70.3,95.2,185,139,156.3,88.4,65.5,135.4,54.8,26,51.7,93.5,103.5,82,82,313,47,73.3,67.5,282,92.6,90.6,55.4,71,205,130,58,94
2003-09-01,284,529.2,131,236.5,43.5,298.5,339.8,468.6,179,143,387.2,180,207,110.7,186,42,113.9,166,438.6,261,181.5,137.5,137.5,281,463.1,124,404,118.8,59,367.4,229.6,332,264.7,37.5,196.3,198.8,404,211.8,42,137.5,113.5,583.1,232,205.5,99,74,189.1,267.5,367.3,461.8,333.9,-1,33.6,242.5,20,233.3,173,74.8,80.7,304.5,110.6,310.4,302.1,201.9,113.5,383.5,137.4,122.8,100,253.7,330.7,56.3,60.2,236.1,82.8,36,26.5,157,63.9,75,75,222,303,338.9,290.4,320.7,185.6,269,33,106.9,393,89,60,0
2003-10-01,149.1,70.6,40,169,146.8,207,148.9,156.6,40,81,165.6,108.5,171,103.8,162,70,120.7,81.7,191.4,84,170.5,70.9,103,104,160.5,64,172,75,0,125.4,189.8,185,139.5,58,125.1,65,155,121.4,0,102,55,228.5,84,133,84,56,81.2,126.5,186.2,259.7,274.6,44.9,27.8,102.2,9,103.1,113,82.6,60,167.3,138.2,205.5,198.6,95.8,56.5,156.2,83.5,102.3,152,177,156,60.6,47.6,195.7,73.8,29,97.5,68,92.8,89,89,112,99,142.8,115.7,208,81,107.8,36,95.4,146.6,94.1,36,75
2003-11-01,22.9,54.6,1,27.5,0,3,3.8,11.4,0,0,13,12.5,5,0,7,0,1,10.2,9.7,6,20,5,37.5,0,8.3,5,1.5,9.3,-1.1,42.1,8,0,9.5,1.5,22.2,12,5,3.7,21,0,0,26.6,1,11,0,12,12.1,8.5,3.2,15.8,0,-1,0,7,1,8.5,0,31.5,7,42.5,0,8.9,106.9,36.7,0,22.7,21.8,7.3,0,0,0,9,0,19.8,-0.5,0,2,3,0,0,0,1,18,44.9,25.8,6.9,22.8,4.7,0,0,49,4.5,0,0
2003-12-01,23.7,0,0,22.4,0,20,64.9,24.3,4,0,14.5,13.6,0,0,10.5,0,-5,8,31.2,0.7,0,31,5.3,1,19.8,0,1,5.3,0,29.6,6.3,18,1.2,3,6.2,0,3,8.2,0,7,1.5,54.8,5,0,0,0,15.6,8,1.4,49.3,3.5,-1,0,0,6,2.1,0,6,79,45,2,37.1,2.3,80.3,7.5,34.4,5,5.1,0,24,16,9,0,10.8,-0.5,0,0,11.7,0.5,0,0,8,30,20.5,19.1,18.6,65.7,9.9,0,0,26.8,0,-2.2,0
2004-01-01,31,0,23,32.5,13,8,5.6,9.2,30,7,8,11,85,33.8,24.6,0,27,19.3,13.9,9.8,22.5,21,20,2,8.8,6,4,9.3,0,20.7,16.7,0,19.5,14.5,7.4,9,4,37.5,7.5,15.5,14,5.3,11,2,5,5,28.4,22.5,4,7.4,5,10,7,4,3.5,13.6,17,15.9,3.6,0,15,12.7,4.6,71.5,1,17.3,13.7,30.5,0,6,30.6,23.4,13.4,32.5,18.5,11,28,19,10,0,0,8.3,7,6.5,12.4,7.6,57.1,29,10,24.4,43.4,24,0,18
2004-02-01,29,38.7,13,9,12.5,9,10.4,8,10,0,9,9,45,25.1,12.3,0,33.7,7.4,25.2,6.5,11.5,20,6,19,10.3,46,11.5,29.4,26.1,7.3,6,18,8,10,0,0,9,11,42,11,16,17.8,10,11,12,21,28.2,22,7.1,12.4,5.5,8.2,3.9,3,3,5.6,24,11.7,6.3,0,19,17.2,5.9,55.5,12,12.8,12,12.2,10,10,12.7,23.4,12.3,101.2,18.7,47,14,19,13.3,20,20,20.6,3,3.5,8.9,7.7,41.3,28.8,10,24.6,26.8,29,11,15
2004-03-01,39,221.3,21,118.5,47,110,107,45.9,0,90,79.3,37.5,98,77.5,47.9,5,3,52.7,150.3,87.8,85.3,38.5,43,56,50.4,57,116,9.3,47.6,86.4,24.5,45.2,182.5,10,36.6,23,73,85,0,38,47.5,167.6,35,43,53,16,80.8,61.2,74.5,138.5,45,8.2,41.9,47,11.5,41.9,71,14.8,58,55.8,84.8,182.8,54.2,43.9,91,49,71,15.3,40,32,44,74.9,31.5,55.3,28.8,119,25,33,22.3,0,0,94,94,7.1,77,87,29.9,107.3,46,37.6,69.2,6,0,15
2004-04-01,42,167,34,56,35,75,113.2,124.2,0,25,102.5,56.5,20.5,18.3,85.6,28,37.7,134.2,132.9,197.4,81.5,24,58.2,44.5,92,12,130.5,9.3,27.2,45.6,125,181,207,9,170,46,201,22.5,0,36.5,5,115.2,21,126,29,9,28.9,21.5,175.2,165.8,219,26.5,9.3,114,9,112.6,19,11.8,87.3,123.2,31.6,248.1,109.2,22.5,23,49.1,58.6,10.6,10.4,122,41,37.7,25.3,117.3,9.2,25,30,17,84.7,0,0,40,47,41.5,37.5,100.5,8.8,29.7,20,12.4,111.6,32,0,45
2004-05-01,43,19.4,5,1,41.7,80,73.9,51,0,0,18,19.5,20,50.6,8.9,4,27,13.3,35.5,74.4,26,74,18.6,19.5,31.3,50,35,69.5,32.1,25.7,46.9,5,44,14,78,6,14,22.5,0,14.5,26.5,22.6,10,41,23,3,43,15,37.8,39.2,21,18,7.6,66.5,11,30.6,73,2.5,28.4,9.4,23.2,25.9,37.7,51.2,19,51.4,24.2,13,43,40,24.6,63.5,48.7,29.3,22.6,54,25.5,42,24.5,70,70,36,5,3.5,31,61.5,37.1,50.8,38,29.7,37.9,24,33,31
2004-06-01,151,23.3,30,39.3,34,84,63.8,56.3,79,141,47.5,48,232,108.3,56.8,119,111.2,17.7,109,79.7,36.5,101,46.1,68.5,88.1,104,48.5,85.9,59.1,37.1,56.5,66,133,14.5,0,33,80,78.5,51,94,42,85.2,91,48,60.2,80,100.1,65.3,42.4,18.9,57,26.5,62.4,21.5,21,64.5,94,7.1,12.5,28.8,74.6,71.5,40.4,88.4,34.5,44.3,61.8,103.4,20,130,19.5,30.5,13.2,142.4,40.1,29,151,115.5,87.2,121,121,139,123.5,5,132.5,35.5,73.7,136.1,15,52.1,87.6,87,42,45
2004-07-01,83.5,28.8,25,2.5,14,55,41.3,30.2,80,114,28.3,27,270,89.2,32.8,107,121.9,56.1,76.6,110.6,17,99,44.7,73,44,55,63.5,9.3,83.5,60.8,10.3,33,35,26,53.5,138,62,176,0,90.5,48,75.6,7,49,31.6,57,68.3,0,118.8,94.1,58.5,32.6,99.2,16,21.5,54.7,59,45.8,11.3,13.4,139,14.2,53.8,154.6,26.5,42.7,28,58.1,65,48,34.8,30.5,0,69.1,69.9,80,151,81,73.8,48,48,86.5,46,4.5,44.5,78.7,139,88.6,15,90.3,281.1,95,0,55
2004-08-01,145,253.8,28,59,64.6,106,75.3,122.8,33,65,73.4,27.5,152,103.9,76.4,120,71.1,107.5,143.3,51,136.5,42,89.4,99,101.5,36,178.5,29.4,11,138.3,72.6,89,120.5,34.5,86.9,65,159,101.9,57.3,125,88,97.8,18,70,31.3,78,124.3,30,38.2,186,89.1,38.7,56.3,35,20,167.4,90,12.3,35.7,253.3,98.1,97.7,48.2,142.7,66,168.6,133.2,41.8,50,94,44,66.3,34.6,95.4,60.3,36,160,63,61,52,52,299,35,5,129,220.3,127.3,172.2,40,78,146.6,57,11,65
2004-09-01,140,415.3,33,139,58.6,182.5,260.8,294.9,55,97,343.1,194,152,111.2,148,123,132.6,106,343.3,240.9,256.5,68,206,136,274,92,351,117,36,228.4,213.8,212.3,186.5,36,158.2,157,302,148,8,105.5,75.5,494.8,112,177,14.5,24,106.8,127.2,399.5,331.4,378.5,115.1,58.5,301,17.5,97.2,98,81.5,65.5,222.2,68.7,414.4,248.6,96.8,115,235.3,153.5,94.5,110,199,255.3,59.2,34.7,249,48.8,0,82,108,71.1,109,109,137.5,154,208.3,131,307.2,82,146,35,63.2,316.1,103,59,190
2004-10-01,10,70.1,7,97.5,27,60,50.9,35.5,0,7,13.5,65,0,15.8,105.6,39,27,121.2,51.6,5.5,28,4,26.6,23,58.2,19,38,9.3,8,6.2,8,30,0,21,132.3,15.3,15,78.3,19,11,64,104.4,13,52,15,24,35.9,8.5,4.5,33.4,13,17.4,27.6,12,13,11.4,35,2.5,28,57.4,24.1,23.5,25,28.6,27.5,59,33,48.1,0,39,0,19.1,35.7,15.3,33.8,24,27,15.5,7.5,0,0,32,2,1.5,12,4.3,14.8,40.2,7,44,55.1,24,0,30
2004-11-01,19,10.3,36,53,2,6,3.5,7,17,9,5.1,36,40,4.1,16.7,14,24.4,16.3,23.9,2.1,11,18.5,23,11,5.9,10.1,1.5,13.2,0,17.7,12,3,9,10,18,48,0,20.3,0,16,1,22.2,8,2,3,17,27.6,37.5,4,4.3,2,14.3,5,5,6,30.2,20,19.7,5.8,25.9,3,12,9.4,41.2,5,12.7,27,23,0,0,0,9,0,30.8,5.9,4,33,19,7.1,0,0,4.5,32,2.5,18.5,0,27.2,27.8,0,8.2,115.3,22,2.1,25
2004-12-01,0,6,0,6.5,4.5,4,0,7,0,0,6.5,7.3,0,5.9,6.4,3,-5,8,3.3,13.6,16.5,0,0,0,3.3,0,7.5,9.3,0,3.8,2.8,0,14.5,1.5,0,0,2,1.2,0,0,1,2,0,9,0,0,8.4,1,7.2,6.6,1.5,-1,2,4,7.1,16,0,0,1.7,2.3,1.1,3,4,13.6,0,5,3,0,0,7,2.3,9,0,6,-0.5,0,0,0,0,0,0,6.5,1,0,4,0,0,-0.9,0,0,26.8,0,0,0
2005-01-01,23,40.6,20,30.5,2.5,14,9.7,10.3,20,4,12.3,14.5,50,0,24,16,-5,12.1,37.5,0.8,9,9.5,24,14,9.6,0,5.5,9.3,14,31.4,12,6,2.3,13,10.1,0,8,16,8.5,2.5,0,35.3,11,6,0,5,20.9,30,8.1,16.2,5.5,-1,0,0,3,26.6,20,15.9,16.5,31.5,4.2,34.5,28.8,22.6,1,29.8,25.5,14.7,0,10,11.3,9,0,11.4,21.4,5,11,12,3.5,0,0,5.7,19,6.5,17.5,0,8.9,17.8,0,28.1,26.8,0,0,0
2005-02-01,54.5,135.1,38,46.5,64.5,70.5,73.4,85.6,20,40,84.3,81,90,65,76.4,14,49.8,63.3,97.7,42.7,34,67,57,31,112.6,69,52.5,44,81.3,37.1,56.8,61,46,11.2,118.9,1.2,57,77.5,3,35,62,99.6,27,58.5,32,27,76.6,25.5,65.5,83.5,46,38.7,41.4,64,7,56.3,55,40,39.5,78.2,57.8,100.5,59.4,102.3,33,54.2,71.8,42.3,40,114,71.6,62,40.3,80.4,48.1,0,36,69,51.2,57,57,60,73,12.5,27,71.6,87.4,100.9,37,62.4,29.1,41,19,65
2005-03-01,23,55,2,21,35.5,31,43.2,36.8,0,31,50.5,15,40,32.3,12.9,3,84.5,13.7,42.8,20.8,17.5,15.5,12,21,38.8,66,58,49.4,64.5,1.5,16.5,48,18,4.5,13.4,8,64,7,11,42.3,34.5,30.9,11,56,9.9,7,40.4,6.5,49.2,40.6,45,29.6,20.5,30,7.5,7,76,3.2,60.2,19,45.1,58.6,4.2,48.1,41,6.8,24,6.3,18,61,61.1,13.3,35.8,46.7,21.9,0,3,21,54,20,20,50,17.5,0.5,3.5,34.7,34,47,3,28.8,41.6,67,22,50
2005-04-01,4,29.6,0,4,49,7.5,28.4,23.3,0,0,10,6.5,0,35.9,6.5,3,13.7,11.8,16.5,0,0,11,2,2,13.1,33,1.5,42.1,0,5.5,33.1,5,1.5,1,0,0,15,5,0,7.8,19.5,15.7,1,0,1.2,2,10.6,0,0.1,63.5,0,11.3,30,7,7,1.6,12,2.8,33,12.5,17.5,20,0,13.6,0,15.4,3.5,2,18,3,18,23.4,30.4,9.8,-0.5,19,1,17,12.5,15,15,26,0,0,0,85,0,2.5,10,0,26.8,14,18,20
2005-05-01,56,127.7,21.3,41.5,52.3,67.5,72.9,41.8,15,48,52.2,75.8,20,66.7,64.2,40,59.1,33.2,150.1,139.7,82.5,28.5,92.2,41,47.1,25,77,73.2,41,82.9,101.1,76,126.5,16,65.2,10,135,30,0,50.8,41.5,111.1,38,81.5,14.2,32,180.8,41,42,104,33.5,20.4,68.6,89,13,71.4,38,52.6,20,75.2,66,109.5,63.3,22.2,17,92.1,97.5,28.2,72,89,142.4,27.7,35.6,55.5,25.7,90,27,17,38.4,0,0,64.5,109,14,44.7,87.6,8.5,256.6,13,33.6,45.3,48,35,35
2005-06-01,14,17.8,32.5,15.5,3.5,0,9.3,2,26,19,0.5,0,5,8.1,1.7,16.5,33.7,5.2,19.1,0,0,6,3,6,3.3,0,0,9.3,3,0.6,0,6,0.5,3,0,0,6,0,0,25.4,2.5,13,5,16,6,6,39.5,0,1.9,5.5,0,-1,0,0,21.5,0,0,0,0,3,18.3,3.6,16.4,16.9,26,1.1,1,1.5,0,0,6.9,9,0,0,-0.5,40,31,0,3.8,0,0,13,0,0,0,0,3.2,45.6,0,0,26.8,29,0,0
2005-07-01,380,397.4,8.8,115,141,367,398.2,389.7,159,329,410.9,238,116,203,246.3,79.5,295.6,155.7,500.7,312.3,336,51,184.5,372.1,339.8,78,297.5,120.6,86,239.3,300.2,372,264,30,172,156,436,274,20,255.4,82.5,545.7,296,318,129,83,303.6,277.5,227.8,296.5,354.5,60.6,89,262,21.5,109.6,246.1,173.4,221,347.4,203.5,297.7,164.2,181.1,358,301.6,208.2,185.4,100,275,311.2,44.8,48.9,393.5,106.3,147,90,47,106.1,80,80,350.4,217.8,223.4,295,281.5,165.1,439.9,25,137,314.2,225,61,100.8
2005-08-01,99,33.3,5.5,0,29.2,15,7.1,88.4,82,57,43,16.7,106.4,74.2,14.5,38,69.8,15.6,27.5,0,1.5,55.5,2,42.5,31.1,0,0,9.3,5.1,26.9,1,0,0,5.5,0,17,18,12,40,73.1,41,85.3,12,11,9.5,30,228.1,4,9.7,74.8,1.5,54,34.4,6,5.7,25.6,30,0,10,15.5,142.6,9.3,0.6,74.1,13,29.1,10.5,42.2,23.8,32,0,9,30.8,11.3,64.3,51,80,74,11.2,62,62,103,27,16.9,22,106.9,59.6,327.2,0,83.1,58.2,56,0,90
2005-09-01,25,64.2,0,7.7,116,66.5,101.8,71.7,37,25,34.1,43.5,38.6,77,71.2,37.5,11,40.5,102.3,182.5,34,17.5,52.4,71.1,69.7,11,85.5,9.3,1,27.2,29.5,62,55,9,42.7,20,78,43.5,0,62.3,81,84.5,57,25,23,60,146.3,0,99.5,107.3,76.5,32.6,45.8,54.5,21.5,28.1,14,57.7,20,74.1,87.7,68.9,0,13.6,54.5,24.8,38,47.6,0,42.5,53,23.4,0,42.1,30.9,26,58,8,13,0,0,132,0,9,22,74,0,205.1,10,40.3,63.7,12,0,55
2005-10-01,64,361.2,15,142,98,307.4,324,285.1,98,36,202.5,45.5,47.6,60.5,119.9,23.5,75.2,103.3,365.9,58,34,42,107,60,308.8,38,158.5,29.4,1,106.8,100.3,220,36,0,48.2,78.5,236,101.7,0,162.3,43.5,341.4,45,207.5,23.1,16,104.4,95,319.4,340.5,262,20.4,43.5,171,9.5,110.8,72,100,100,169.7,88.8,233.3,71.8,13.6,117,114.8,103.3,63.3,0,247.1,268.5,16.2,0,152.8,41,33,33.9,21,49.7,0,0,143.5,94,89.1,61.5,300.4,0,142.5,5,53.2,171.5,60,11,35
2005-11-01,2.5,12.5,0,0,9,3.5,47.9,18.8,7,20,15,14,10,4.2,9.7,3,3,24,6,11.2,18,9,13,2,18.8,7,16.5,9.3,0,11.5,10.3,52,17,0,27.3,0,26,9,0,9.3,0,21.9,1,34,0,0,34.7,2,12.7,34.5,19,10,8.5,10.5,4,6.3,4,1.2,5.5,5.2,0,7.6,10.2,13.6,21,11.9,10.1,2.1,0,41.2,36,9,0,17.8,-0.5,0,3.8,4,0,0,0,21.2,27,7.7,1,48.2,0,38.5,0,0,26.8,6,0,18
2005-12-01,4,14.3,0,6.2,9.5,13.5,8.5,21.4,5,4,23,11.5,1.5,21.1,14.9,-4.9,5.7,11.5,8,23.9,12.5,12,15,1,17.4,12,17.5,29.4,3,3.5,12.8,19,14.2,0.5,0,0,22,6,-6.3,2.1,8,12.3,2,21,12,0,11.3,0,20.5,17.8,16.5,5.1,11,12.5,7.2,9.3,7,0,7,10.9,16,8.8,8.3,23.6,5,6.5,3,0,0,18.7,15,9,0,24.6,12.4,24,0,18,8,0,0,16.1,5,1.9,2.5,16.8,9.8,3.5,0,16.5,26.8,8,11,10
2006-01-01,8,0,18,0,5,0,1.9,1,23,3,0,0,18,9.5,0,25,-5,0,3,0,-8,28.5,12,3.6,0,0,0,31.2,10,0,0,0,0,0,0,0,0,0,0,0.7,5,0,4,0,0,35,13.6,5.5,0.7,2,1.5,11.3,11.5,0,2,0,5,5,0,0.2,7.5,0,0,13.6,-6.3,2.4,7.4,19.5,0,0,0,9,0,0,8.4,0,30,16,14.5,0,0,7.3,6,0,1.5,8.5,0,7,0,11.4,26.8,0,12,20
2006-02-01,0,6.1,0,10,0,5.5,10.2,7.7,0,0,6.5,14,0,0,11.9,0,-5,10.4,15.5,5.1,-8.3,0,10,0,6.5,0,5.5,9.3,0,9.7,7,0,6.5,2.3,0,0,4,10.5,0,0,0,17.4,0,2.5,-6.9,0,9,2,8.5,12.5,4.6,-1,0,4,0.5,7.8,0,1.3,3.5,11.9,0,16.4,8.6,13.6,0,3.3,10.8,0,0,2,3,9,0,1.9,-0.5,0,1,0,0,0,0,3.5,0,1,0,10.3,0,0,0,0,26.8,0,0,0
2006-03-01,22,19.6,1,4,19.5,15,13,15.6,2,19,13.5,9,0,21.3,12.3,0,-5,6,6.5,18.1,8.1,8,8,19.3,12.1,15,13,9.3,5.5,3.2,6.7,16,11.5,2.5,0,0,21,5,0,0.4,12.5,12.9,5,9,-0.2,0,52.9,1.3,13.1,14.9,5.5,-1,23.4,5,6.5,3.1,23,13.9,12,15.2,10.5,11,6.7,13.6,12,1.6,12.6,11.1,0,25.5,9,9,0,9.2,7.3,0,0,13.5,4.5,0,0,5.5,5,1,0,14.1,0,65.6,0,10,26.8,0,0,0
2006-04-01,11,24.5,0,10,65.5,0,28.3,5.1,66,4,36.5,97.5,20,35.5,35.8,5,-5,19.5,11.9,0,33.8,37.5,33,12,11.3,34,29.5,33,11,0,0,50,62,0,17.4,22.5,21,36,0,4.1,27,10.7,4,49,7.8,1,25.6,8,56.3,3.7,33,23.5,62.5,17,13,20.1,0,12.2,20,4.9,33.5,30.9,18.3,14.9,32,5.8,43.2,11.4,82,35.2,9.7,52,16,25.8,38,38,0,39,59,45,45,7.1,15,0.5,0,37.1,1.3,24.9,30,49.4,68.3,0,13,40
2006-05-01,25,67.5,28,0,46,87,54.4,58.1,40,42,81.8,1.5,0,79.9,15.6,0,21.7,82,31.9,99,98.9,35.3,4.5,34.4,109.1,35,55,31.2,46,45.1,107.6,38,160,18,83.6,0,26,65,0,31.4,57,39.4,17,43.5,29.1,5,23.9,8.5,50.8,114.5,67.5,66.2,106.2,128,15,4.5,34,25.3,30.2,36.8,50,58.6,40,13.6,19,23.8,14.5,28.3,170,66.5,36,86.4,99.7,66.5,32.5,79,6,48,66.8,31,31,39.9,38.5,0,19.8,127.5,0,22.3,54,42.4,26.8,20,12,110
2006-06-01,4,48.6,30,11,25,13,4.2,2.4,33,38,53,14,0,49.2,0,26,20.4,20.5,12.3,48,41.7,39,0,17.2,12.3,4,32,9.3,24,0,12.3,41,5,20,0,0,4,7.5,0,10.4,13.5,127,21,16,9,24,30.8,33.4,23,23.5,5.5,8.2,24.3,40,20.5,9.2,65,2,8,35.5,34.3,3,11.9,30.6,8,23.6,9,45.9,0,4,2.6,52.7,0,45.6,20.6,33,17,27,6,35,35,51.5,30.5,19.5,47.5,19.7,16.7,32.6,30.5,27.1,26.8,19,0,15
2006-07-01,75,103.6,19.3,0,36.5,74.3,93.7,69.7,60,110,21.5,80,216,58.2,76.3,67,44.4,28.8,98.1,39.2,54.7,124.8,91,119,20,24,144,160.8,18,46.4,42.2,62.3,51.5,16,0,38.5,107,129,0,87.7,60,109.2,34,59,42,11,66.6,24.5,20,123.7,29.5,39.4,36.8,23.5,22,44.6,92,34.3,27.7,56.4,45.7,3,19.5,29.6,72,65.9,67.1,66.1,98.6,97.7,116,49.9,41.4,69.3,69.8,120,117,70,75,0,0,81,44,66,74.5,103.8,15.8,86.1,28.5,90.2,97.8,37,83,66.1
2006-08-01,71,85.5,3,31,81,16,22.4,8.2,63,36,22.5,29.5,165,56.5,26.6,126,53.8,44,100.8,44.8,65.3,56.5,73,37,25.5,35.2,48,84.1,42,27.7,43.2,60,5,35,98,45.5,53,38.5,0,50,58,80.8,1,29.5,23.8,40,62.5,47.5,47,61.3,68,72.3,33,39,22.5,58.2,96,7.1,24.9,33,87.3,84.7,87.6,57.5,26,41,44.2,71.9,85,44.5,1,37.7,0,43.9,18.4,96,74,58,10.5,0,0,85.9,37,102,54,67.5,43.3,79.9,20,24.2,110.7,44,41,120
2006-09-01,314,240.6,78.5,236.5,55.8,217,236.6,255.7,105,117.9,320.4,218,268,130.8,281.1,113,57.8,132.2,252.4,317.6,151.7,133.5,154,94,265.5,39,291.3,9.3,67.2,218.4,292.5,285.4,177.7,18,45,138.2,297.8,224.6,21,126.7,115.5,230.1,142,245,36.5,24,141.3,74.8,316.3,223.7,285.5,102.9,38.3,284.5,18.5,188.3,127,94.7,86.5,315.8,154.3,254.4,156.3,110.6,103,93.1,172.8,72.7,178.8,236.2,279.9,82,89.4,293.4,79.1,115,92,113,68.5,0,0,123.8,76.5,101,172,366,95.6,197.5,50.9,102.2,281.4,47,0,170
2006-10-01,50,67.8,37,37,46,36,50.2,116.3,63,29,54.8,48.5,111,43.4,17.8,0,35.1,34.4,139,46.6,32.7,48.7,54.5,62,133,46,67.3,9.3,63,143.5,54,80.9,62.5,0,15,0,82.5,30.6,30,63.4,28,35.6,18,70.5,46.3,8,36.3,14.3,48.8,94.8,30,11.3,21.4,19.5,7.5,30.2,49,7.9,27.8,50.4,52,97,73,25.2,33,65.4,37.6,21.7,35,69.5,71.1,22.9,0,83.6,55.3,34,22,77.5,63.7,0,0,68.1,43,38,3.5,45.2,11.4,40.8,9.7,71.6,26.8,30,0,20
2006-11-01,5,33.1,0,16.2,20,21.5,58.1,36,0,-0.8,23.5,32.5,0,15.2,25.8,0,-5,30,31.1,1.9,-0.7,0,18.3,0,29.7,0,28.7,20.4,0,13.8,19,30.5,3,0,0,3.5,28.4,21.1,0,8.1,9,38.8,0,30,2.2,0,10,12.5,42.3,34.5,28.5,17.4,0,61,5,11.1,2,3.5,21.1,38,17.5,68.8,0,13.6,0,14.4,18.8,0.4,21,23.5,21.2,9,1,27.7,13.7,11.5,0,0,1,25,25,14.3,20.5,10,10.5,50.5,0,1.6,0,18.2,33.3,0,6.1,30
2006-12-01,77.5,65.7,48.7,77.1,25,59.3,51,69.5,40,42.5,84.3,61,87,12.7,100.9,28,4.3,71.3,59.6,79.2,77.8,21.8,86,49.4,53.7,15,73,9.3,3.5,112.7,101,56.1,87.9,20,74.6,3,58.4,79.2,42,32.6,26.8,73.7,49,53,31,13.2,34.5,61,20.5,76.6,92,5.1,13.7,12.5,16.1,72,66,33.3,15.5,95,62.5,91.7,124.9,49.2,24.6,110.4,71.5,37.2,2,52,65.2,19.1,23.4,61.6,15.2,40,47.2,25,34.2,30,30,37.2,103.5,170,1.3,100.9,35.1,38.2,7,20.2,32.4,7,0,10
2007-01-01,52.4,91.9,25.5,33.1,23.6,32.2,43.9,35.4,18,47.9,29.5,38.3,42,25.8,51,17,15,45.2,87.5,42.9,37.9,20.2,41.9,43.8,30.9,14,56.4,31.2,2.7,47.7,50.2,26.8,42,10,42.2,21.7,36.5,44.1,15,26.4,24.3,96.7,26.8,27.7,14.3,13,63.6,23,52.2,42.3,47.8,17.4,24,47.7,11.6,42.8,50,14.8,31.1,8.6,36.8,74.2,43.8,82.6,23.6,51.2,35.6,9.1,50,26.7,28.8,20.5,18.3,31.5,20.2,14,21,25.5,20.5,18,18,28.5,32.6,43.8,26.5,71.4,68,81.6,8,26.5,66.9,15,12,30
2007-02-01,7.4,-5.5,0,8.2,13.7,14.2,9.9,15.3,18,0.4,10.9,5.5,0,11,6,0,5.7,4.8,-0.8,0.5,0.9,7,3.4,-2.4,11.3,9,1.3,9.3,0,1.7,-0.7,8,2.1,1,3.5,-5,6,-1.3,0,10.6,8,-6.1,-7.9,11.8,4,0,9.5,1.3,-2.6,18.7,-6.9,-1,3.3,-1.1,6,6.2,7,0.5,5.1,11.8,17.4,5.3,2.9,13.6,1.6,1.2,5.2,0.6,0,10.7,-0.1,9,0,12.3,12.1,0,0,3,1,30,30,6.5,7.2,-1.2,-0.2,7.3,0,0.8,0,16.2,17.6,8,0,0
2007-03-01,15.5,5.3,1,18.3,6,8.9,7.7,9.9,2,5.6,5.8,11.1,10,0,9.7,0,13.7,8.1,6.3,3.9,3.9,17,7.3,7,6,42,5.2,9.3,0,6.3,3.2,3.1,5.3,0,6.5,-0.1,4,2.5,20,6.3,5.7,1.9,-1.8,7.5,3,3,13.8,11.7,1.9,12.2,-2.5,5.1,2.9,2.6,6.4,10,4,3.2,6.9,10.7,7.5,10.6,7.1,20,18.7,6.1,10.5,6.3,0,6.3,-2,13.3,0,7.1,7.3,0,4,18,0,0,0,0.3,19.4,3.3,4.3,12.2,6.3,7.2,3,10,26.6,14,0,10
2007-04-01,35.6,37.4,0,24.1,16.6,34,38.2,38,8,21.5,31.8,29.8,36,23.4,34.1,12,37.7,30.2,46.9,28.4,25.5,18.5,23.8,25.4,33.4,8,23.2,9.3,5,26.4,29.8,29.6,28.7,7,28.3,14.1,31.3,28.3,0,28.5,20.7,47.3,14.7,29.7,10,11,36.7,13.2,31.1,45.2,27.4,-1,12.8,26.9,9.3,26.3,26,14.4,15.3,62.5,31.8,40.9,25.1,17.2,17.6,27.6,27.8,9.5,3,28.6,23.8,24.8,6,34,24.8,14,23,65.5,16.5,0,0,31.2,22.3,22.5,23.9,45,3.5,41.4,11,32.5,52.9,32,0,0
2007-05-01,88.2,111.1,17,32.9,79.3,88.3,98.4,99.3,29,56.9,88.5,69.8,12,45.3,66.8,6,80.5,59.6,107.1,78.8,69.5,78.5,55.4,84,93.1,77,94.2,42.1,45,64.8,66.5,87.4,76.3,7,56.6,47.2,85.8,61.6,0,76.4,68.7,116.8,55.6,78,51,26,72.1,38.1,94.6,116.7,91.5,66.2,50.1,61.6,13.3,56.9,32,29.1,48.1,83,90.6,87.7,59.9,98.1,78.6,69.1,65.1,50.8,25,77,75.1,66.3,63.7,92.5,41.3,109,46,94,100.8,106,106,97.8,52.6,59.9,51.2,91,83.3,94.2,40,53.7,113.9,64,18,110
2007-06-01,128.7,246.6,63,106.2,56.5,162.6,210.6,184.5,101,123.7,167.2,97.7,92.6,90,103.5,162,207.4,92.5,179.9,133.9,118.6,69,90.2,100.6,176.1,64,175.5,9.3,57,106.4,108.4,168.7,128.1,35,88.7,72.6,186,98.7,90,143.4,63.3,202.1,86.4,145.2,75.6,31,117.6,112.3,168.8,215.9,163.6,57.7,33.7,101.8,18,88.7,115,62.3,86.3,85.6,137.8,144.9,93.5,93.7,140.5,115.5,91.9,90.1,0,144,170,52,10.4,173.8,58.7,34,32,42.5,45.5,66.3,66.3,190.4,139.8,101.1,111.9,143.8,79,162.2,30,76,160.7,159,0,96
2007-07-01,186.9,369.3,125.4,209.7,90.4,144.3,226,162.9,146,184.8,147.2,150.2,250,103.5,208.8,155,180.7,172.2,341.4,212.8,147,63.2,218.4,162.2,155,84,196.1,56.7,33,262.6,223.6,147.7,203.6,77,181.3,112.5,199.4,190.7,199,126.8,83.6,410.3,134,128.1,37.4,40,210.2,199.1,205.3,191.1,203.5,30.8,51.3,208.1,30.5,140.7,221,138.3,97,192.3,138,283.4,184.1,107.5,164.4,287.1,140.2,84.7,0,127.2,183,56.3,60.8,153.1,58,124,54,78.5,76.5,125,125,167.5,249.8,254.3,256.8,286.6,92.6,300.4,33,75.1,234,139,26,52
2007-08-01,79.5,121.9,11.8,29.1,58.5,76.9,65,95.3,32,62.5,84.6,54,58,54.2,57.6,110,87.2,51.6,107.6,60.8,51.4,39,47.2,67.5,89.2,30,82.8,9.3,10,44.7,55.3,81.2,58,11.5,41.9,41.3,84.7,50.5,0,64.6,44.4,131.6,48.9,74.7,38.1,8,72.8,18.7,83.7,92,81.8,14.3,35.8,68.1,11.7,47.7,36,29.2,42.9,76.4,45.4,97.4,37.9,80.4,62.2,48.2,50.7,28.9,0,73.9,74.4,34.8,37.4,88.5,10.6,62,31.6,38,3,65,65,81.6,30.5,15,26.9,78.3,65.8,95.4,18,14.2,102.9,69,0,25
2007-09-01,55.4,82.2,20,37.1,65.4,146,121.6,145.3,74,43.2,105.6,41.5,0,89.3,45,42,93.9,25.8,80.2,47.2,42.3,17,39.3,31.7,111,18,97.6,29.4,30,43.8,45,99.7,46.1,6,38.7,27.7,102.8,22.5,0,111.6,51.8,80.2,29.3,92.6,70.8,9,59.4,32.9,65.4,171.3,53,72.3,37.8,42.8,11.1,40.3,70,23.6,35.6,47,140.5,64.7,50.1,28.2,50.6,47.4,40.1,82.1,0,116,90.6,70.6,0,110.1,55.7,75,49,71,41.6,68,68,147.3,43.7,39.8,40.6,64.8,14.4,75.2,43,72.1,77.9,74,11,120
2007-10-01,8.4,14.6,-1.4,7.5,9.5,26.5,11.8,35.2,0,10.2,10.7,5.6,8,24.6,12.7,0,-5,10.7,15.5,8.4,7.8,0,6.5,-2.4,11.1,3,12.4,9.3,0,5.5,6.8,11.5,9.5,0,9.1,-4.9,11.7,5.3,0,19.3,9.6,10.1,-7.3,11.6,6.8,0,19.6,-0.5,4,42.7,3.5,8.2,6,6.2,6.8,4.8,29,1.8,8.3,-0.7,20.5,16.1,8.7,25.9,2.7,5.3,5.2,0.2,0,26.4,5.4,18.2,0,12.1,-0.5,42,21,5.5,0,0,0,18.8,7.3,2.6,2.2,16.8,12.1,15.9,6.4,0,17.8,0,0,15
2007-11-01,28.8,28,3.9,18.9,9.3,18.4,18.6,21.6,0,16.9,16.7,20.9,40,25.3,22.9,9,10,20.1,31.9,18.7,10.1,7,16.8,16.4,17.5,6,14.2,11.4,0,17.7,17.8,13.6,19.3,0,17.9,7.8,13.8,16.1,2,13.8,11.5,31.2,8.5,16.8,2,12,29.2,10.2,10.9,23.7,6.6,2.1,5.8,16.4,8,19.1,11,8.4,9.7,12.9,21,29.9,16.5,31.4,5.2,18.4,19.6,4.8,0,15.8,7.3,9,0,18.3,14.9,0,7,10,8.5,0,0,11,18,14.3,13.7,30.5,17.5,30.2,0,19.7,41.3,11.3,1.2,5
2007-12-01,4.5,-13.6,-1.5,3.7,4.4,2.3,-4.7,-0.1,0,-4.6,-3.4,2.4,0,0,1.3,-2.4,-0.9,0.5,-8.6,-3.8,-2.4,0,-0.9,-7.9,-3.7,0,-5,9.3,0,-3.6,-6,-6.6,-2,0,-0.8,-7.2,-7.2,-6.2,0,-0.1,3,-15,-10.4,-0.4,0,0,5.1,-1.2,-6.8,2.8,-11.4,-1,1.5,-5.9,5.4,2,0,-2.9,1.7,0.8,1,-0.7,-3.2,13.6,-8.5,-4.6,2.4,0,0,-1.5,-12.5,9,0,-2.4,17.8,0,0,0,0,0,0,-8.5,4,-6.3,-1.5,0.8,0,-5.8,0,23.5,13.5,3.1,0,0
2008-01-01,10,25.5,0,17,0,10.8,23.3,29.9,20,0,49.3,45.5,13,7.1,19.4,0,3,30.2,12.5,52.2,40,0,34,1,52.2,0,33,29.4,0,27.8,37.3,29,48,1.5,15.3,3,35,16,0,5.2,2,12.4,11,2.5,0,0,9.4,11,33.7,14,26,-1,0,29,-1,14.9,0,11.8,9.6,37.8,5.7,23.2,20.6,17.1,0,32,35.5,0.7,0,21.7,10.8,9,0,37.1,-0.5,0,0,0,10,0,0,11.1,59,18.5,2.5,17.6,3.4,0.7,0,0,32.4,6,11,0
2008-02-01,0,12,0,3,3,5,10.4,10.1,0,0,4.4,3,0,1.8,0,0,-1.5,6.8,3,4,3,0,10,0,6.1,0,6,9.3,0,0,7.5,3,7,0,0,0,2,2,0,0.6,3,3.1,0,1,0,0,9,0,8.1,16.2,6,-1,9.2,5,3,7.2,0,2,2.5,0,5,7.8,5.5,13.6,0,0,0,0,0,1.5,8,9,0,4,10.5,0,0,0,0,0,0,2.1,3,0,1,4.3,0,0,0,14.1,26.8,2.6,0,0
2008-03-01,13,34.5,0,0,8.5,21,16.2,22.4,0,0,9.5,6,0,5.2,6.1,0,-1.5,5.7,26,0,3,0,1,9,15,0,6.5,29.4,0,0,1.3,10,0.5,0,20,0,10,4,5,9,14.5,38.6,1,12,0,0,17,1,14.1,16.5,20,6.5,4.3,4,2.5,2.5,0,0,18,8,27,19.5,0.8,13.6,0,0,8,1.2,0,13.5,11,9,10.3,7.5,0.6,0,0,2.6,0,0,0,16.2,1,0,4.5,20.4,0,12,0,1.4,26.8,2.6,11,12.2
2008-04-01,24.9,91.5,0,6.5,64,84,66.9,51.5,10,47,73.2,6,0,43.4,21.1,9,41.6,30,48.5,19.7,21,10,19,29,52.3,38,108,60.4,0,25.4,17.7,101,29.5,0,0,0.3,131,22,10,23,35,26.2,23,45,1,15,58.9,12.5,44.2,69.5,37,35.7,0,28,10,14.6,32,0,43,14,59,26.3,11,21,19,21,3.8,18.2,70,12,109,23.4,58.9,70.2,42.4,34,23,16,21.5,0,0,33.2,13,14.5,7.5,91,7.3,74.5,10,55,27.4,34.9,28,60
2008-05-01,47.5,58,10.5,60,141.5,103,98.7,104.8,31,42,72,40,0,107.3,18.7,7,63.2,38.5,67.5,5.2,19.5,49,46,28,135.8,42,20.5,100.5,0,107.7,3.5,46,10,4,24.3,26.3,54,35,18,82.5,89,93.8,12,67,14,27,36.2,4.5,17.5,87.2,26,-1,56.5,4.5,16,27.8,39,29,26.7,41.7,71.5,70.2,33.7,39.9,24,32,24.4,44.6,100,123,37,90.7,123.5,76.4,49.7,91,33,31,57.5,89.8,79.6,97.8,55.3,40.5,19.5,89.9,25.9,40.6,57,64.4,75.3,51.1,50,0
2008-06-01,34.5,1,20,0,39,26,22.4,40.2,13,11,28.6,22.5,13,31.2,0,33,117.9,2.8,0,9.1,18.5,29,0,2,18.5,12,0.5,9.3,0,0,4.5,21,1,29,14.3,10.5,24,35,0,69.2,28.5,11.3,0,25,12.2,20,9.4,0,13.2,44.2,0,-1,1.2,3.5,23.5,1.7,46,0,1.2,0,35.5,0,16.2,13.6,18,0,17.2,63.6,0,24.5,1,30.5,0,45.6,6.2,59,17,11.5,9.2,0,0,82.8,17.5,1,1,30.9,0,0.7,15,8.6,46.2,92,0,0
2008-07-01,79.5,169,14.5,137.5,52,138,171.1,168.8,78,72,132.5,183.5,61,71.7,188.9,61,31.9,150,264,142,171,72,182,72,134.8,39,129.5,84.1,29,212.6,286.5,169,193,22.5,225.5,131.7,180,165,3,115.2,40.5,202,44,133.8,37.5,95,66.3,120.4,143.1,259.2,76,54,23.4,108.5,22,170.2,90.5,91.9,50.4,106.9,139,185.2,318.1,62.2,42,103.5,179.5,113,39.2,143.1,100,9,40.7,135.1,23,76,134.5,65.8,43.6,112,112,147.6,165,197.3,164,199.9,47.9,85.6,0,30.2,269.5,27.6,41,90
2008-08-01,246,169,48,151.5,75.5,136,153.9,176.1,204,119,185.7,172,138,199.8,186.2,186,29.7,248.9,229.5,125.9,218,123,83.5,133.6,273.1,66.5,97.5,75,88.1,144.2,165.2,140,314.5,73,170.3,46.4,154,205,27,228.5,106.5,205.5,44,123,69.2,114,120.8,13.4,332.9,143,196,151.8,81.9,198.2,22,136,101.1,23.8,67.1,138.2,232.6,236.1,223.3,92.1,64,199.4,129.4,149.6,37,163.6,211,166.6,115.2,227.7,80.4,119,242,109.4,130.7,230,230,248,154.5,134.7,75.6,112.5,77.4,166.9,110,103.8,112.3,26,36,250
2008-09-01,222,526.1,29.5,112.5,73.7,214,378.5,294.3,91,235,395.5,223.5,165,135.8,282.9,51.8,38.3,218.5,411,226.1,73.5,36,170,163,350.1,51,358.5,42.1,29,268,374.4,437.7,267,20,116.9,134.9,437,270,29,232.5,97,573,270,338,51.6,10,227.5,45,444.2,327.7,483,70.5,41.1,398.2,13,116.1,131,96,190,187.5,220.5,406.2,66.1,122.2,302.4,277.1,154.5,86,0,339.3,455,66.3,50.6,477.5,27.3,51.4,85,48.5,29.9,50,50,383.1,117.4,202.5,208.4,336.1,107,326.3,40,35.6,275.4,32.4,18,117
2008-10-01,57,130,0,6.5,48.5,122,82.7,175.7,15,35,171.7,43,30,9.1,6.5,30,25.9,11.8,158,1,14,25.5,22,45,155.8,7,35.5,0,0,6.5,8.6,162,2,0.5,0.9,24.3,128.7,11,0,79.5,6.5,137.2,75,55,0,0,53.9,34,31.6,164.6,14,-1,0,10.5,8,4.7,12,23.3,29,101.9,37,74.2,0,13.6,61,31.5,4.5,3.9,0,32.1,36,9.7,0,147.2,0,0,16,6,5.5,0,0,98.8,52,3,30.6,85,0,67.1,0.5,0.6,71.6,23.1,-5.1,0
2008-11-01,1,2,0,2,2,0,4.3,5.1,0,0,6.5,5,-3.7,0,3.5,0,0,2.9,1.3,19.3,8.5,0,1.5,2,3.7,2,20,0,-1.5,0,4.5,27,12.5,0,0,2.3,34,3,0,4.2,0,2.2,0,20,0,0,12.3,0,10.9,3.9,10,-1,0,0,4.5,2.1,0,0,0,0.4,6,1.1,50.4,13.6,5,0,5.2,0,0,13.3,59,8.7,0,7.1,0,0,0,0,1,0,0,18.3,0,0,0,2.5,0,5,-0.3,0.6,31.1,3.8,-5.1,0
2008-12-01,1,14.5,1,5.5,1,10,7,7.2,0,0,8.1,6.9,-5,0,6.5,0,0,4.8,9,2,4,0,3,0,5.5,0,10.5,0,-0.8,5,3.5,0,6.6,0,5,0,1.3,6.5,0,1.8,0,8.4,3,7.7,0,0,9,-1.3,3.9,8.5,3.6,-1,0.5,0,6.3,6,0,0,2,5.6,1,7,2.9,13.6,0,0,4,1.7,0,9.7,14.5,8.3,0,4.5,4,0,0,0,1,0,0,4,3,0,0,10.8,0,0,-0.5,5.8,26.8,3.8,-5.1,0
2009-01-01,1,32.5,0,0,4,3.3,32.3,34,28,0,16.8,29.2,0,0,15,0,0,18.2,15,0.5,0,4,40,0,14.1,0,7.8,0,-2.2,6.5,11.6,10,2,0,0,0,7,8,0,5.7,2.7,20.7,0,11,0,0,9,3.9,10.3,28.8,6,-1,0,13.4,1.5,35,0,6.5,17,26.2,1.5,42,2.3,13.6,0,35,30,0.4,0,9.9,5,9,0,10.5,0,0,0,0,0,0,0,2.8,28.5,0,6.2,33.2,0,0,0,0.6,26.8,3.8,-5.1,0
2009-02-01,0,16,0,8.5,0,0.4,7.3,17.1,0,0,7,14.5,0,0,17.5,0,0,15,14.5,10.5,27,0,16,0,4.9,0,4.5,0,-2.2,5,10.8,8,12.5,0,0,0,0.4,13,0,2.8,1.7,11,0,3,0,0,9,12.1,8.9,10.2,8.5,-1,0,4.5,1.5,8.7,0,2,6,21.4,3.5,14.1,18.7,13.6,0,2,14.3,0,0,0,7,9,0,4,0,0,0,0,0,0,0,2.7,7,60,5.2,8.3,0,0,0,0.6,26.8,3.8,-5.1,0
2009-03-01,26,22.5,3.5,1.5,8.5,9,7.9,10.2,11,17.5,11.2,5,20,4.5,10.5,0,10,9.5,20,0.9,4,15,10,45,6.9,0,4.6,5.5,0.1,5,95,15.7,6.5,2.5,0,2,0.5,8,0,4.8,5.1,14.9,3,12.4,0,9,22.8,0.4,1.9,18.5,2,-1,1,0.1,2,12.3,0,6.2,3,18.3,8.7,16.8,5.3,81.6,0,1,5,11.8,0,8.5,6,9,0,10.1,0,0,6,7.5,10,0,0,7.5,11,0,4,35.4,67,20.6,0,0.6,30.5,11.2,-2.1,0
2009-04-01,1,9,0,0.5,3,50,36.2,52,8,13,111,9.5,0,14.1,5.5,0,45,10.1,4,0,0,17.5,3,1,39,4,0,5.5,0.9,0,0,6,0,0,16.4,0,15,34,20,4.4,8.9,12.8,0,26,3.3,0,53.2,0,1.4,187.5,3,-1,0,0,7,4.9,0,1.5,3.8,20.5,13.3,20,1.5,13.6,14,0,0,0,0,30,13,23.4,0,71.5,0,0,0,10.1,9.5,0,0,4.5,1,0,36.8,74,0,66,10,0.6,26.8,37.4,-2.1,0
2009-05-01,65,62.5,28,67.5,61.5,72,108.5,62.9,35,56,65.2,47,0,122.7,75.3,0,33.3,44.5,27.6,60.6,113.5,28.5,46,41,68.2,14,26.5,31.3,14.1,71.5,60,81,51.5,16,158,11.7,60.2,18,13,80.1,54.5,57,16,72,58.5,20,84.4,61.5,50.7,48.7,37.5,0,5.6,51.7,15,114,0,14.5,46,15.4,84.5,22.6,77.2,15.9,4,75,64.1,25,30.8,90.7,54,37.7,64.3,91.3,0,45.9,66,46,59.7,46,46,46.3,114,166,59.7,38.5,2.3,112.7,20,0.6,48.4,28.7,12.1,1.6
2009-06-01,44,58,59.6,0,3.5,54,53.1,36.4,29,44,15.7,10.5,30,24.2,7.9,38,100,34.5,9.7,4,18.5,15,13,28,39,11,100,22.9,17,6,17.5,43,1,22.5,0,0,78,35,108,64.3,18.5,6.1,13,61,42.9,56,69.2,1,8.5,24.8,15,0,1.2,26.2,18.5,17,0,11,20,14.3,62.8,15.4,0,65.8,28,47,13.9,38.2,24,14,67,37.7,45.9,37.1,0,18.3,57,39,29,60,60,120.8,23,0,43.5,36,51.4,90,20,0.6,26.8,78.6,7.5,1.6
2009-07-01,52,17,0,0,0,3,12.5,0,75,0,4.7,38.5,22,86.7,0,173,15,5.5,35,3.8,0,13,5,94,0,0,0,7.2,6.6,68.5,0,0,0,26,17.8,9.8,0,27,20,16.8,20,37.9,26,0,19.6,3,21.4,0,2.9,4.5,0,0,17.4,0,24.5,49,10.7,30,11.3,36.8,37.2,33.8,12.5,40.8,2,90,27,21.9,6,20.7,0,9,0,8.5,0,10,8.3,6,31,0,0,18.6,1,80,11,18.5,26.8,18.6,0,0.6,44.9,15,-1.1,1.6
2009-08-01,158,88.5,11.5,0,7.5,112,94.7,69.1,13,36,20.5,18,76.4,18.7,0,70,95,80.5,87,65.2,25,38.2,83,71,20,99,21,13,26,4,11.7,18,111,29,0,9.9,33,26.6,17,56.9,14,97.9,18,25,33.5,58,95.4,10,111.1,119.5,27.5,20,1.3,1,23,42.6,76.2,23,67,38.2,32.9,89.2,6.3,29.3,0,0,28.5,32,4,20.1,15,9,0,20.6,0,4.7,72.1,15,13.5,0,0,65.2,0,12,18.8,102.7,15.5,129,0,0.6,45.1,74.9,2.1,34.3
2009-09-01,277,351.5,114,50.5,33,150,242.6,271.4,128.5,90,181.6,127,176.5,80,170.1,46,82.2,154.5,322.2,65.1,117.5,102.6,110,178,253.5,46,243,82,112,28.4,231.2,159.9,87,0,199.6,59.6,165,91.5,33,178.6,121.5,261.2,64,111,41.4,37,132.4,73.5,109.6,229.9,148,58.3,1.2,91.1,15.5,70.7,80.6,51,54.5,192.1,95.4,189.9,96.4,121.7,62,58,74.6,78.2,67.7,142.5,186,58,57,166.1,62.5,92.4,69.6,187.5,59.5,80,80,164.5,48,71,15,149.7,106.6,184.3,34.2,80.8,136.6,65.3,39.8,97
2009-10-01,55,90.5,16,11.5,46.5,68,158.8,93,37.8,76,89.4,86,62.9,19.2,70.8,0,0,32.8,31.5,25.5,9.5,49.5,53,46,95,18,41.5,65,9,113.3,68.8,95,23.2,9,48.5,3.7,85,44.5,0,41.3,17.5,47.2,15,48,0,6,44.3,13.5,62.7,87.3,76.5,23.7,1.2,74.3,6,66.1,41.3,39.2,140.5,32.6,25.2,91.7,38.9,101.4,50,65,88.4,28.4,42.6,30,37,23.7,17.1,62.3,50.5,40.5,6.5,47.5,18.7,0,0,47.4,33,22,42,88,86.5,52.8,10.3,65.4,33.7,3.8,30.5,40.4
2009-11-01,57.5,20.5,18,54,54.5,70,117.9,88,27.5,4,64.7,32,43.6,40.8,32.4,0,0,25.9,33.3,55.1,67,28.6,40.5,35,79,67,70.5,0,0,51,30.7,33,0,0.5,45.8,31.8,91,33,0,87.1,0,63.9,17,66.5,45,4,76.3,32,63.2,84.5,59,2.8,6.2,37,6,6.5,50.8,33,71,22.4,99.5,55.5,42.5,39.4,74,0,28,6.9,24.5,3.6,13,9,-0.1,64.5,20,36.9,6,10,65,0,0,83.9,37,40,34.5,23.5,25.4,100.5,0,26.3,85.4,3.8,-5.1,6.1
2009-12-01,27.5,48.5,18.3,19.8,13.6,47,46.1,48.2,31.1,25,35.1,25.8,7.4,31.1,9.8,26.6,0,41.7,24.5,16.6,14,24,21,12.8,35.7,52,45.5,101,6,29.1,16.4,31,36,5.5,35.1,2.5,41,16,22,42.9,20,36.1,4,45.8,15.5,28,21.5,18,27.6,69.2,21,0,32.1,1.3,8.4,18.8,26.2,10,15.2,32.5,48,33.6,70.9,13.6,10,10,19.8,7.2,44.1,86.3,30.3,9,23.5,36.4,24,45.4,10,28.1,22.7,0,0,52,18.5,29.2,15.8,21.7,0,18.7,0,31.4,31.5,3.8,50.3,1.6
2010-01-01,23,25,14,35,9,15,45.8,27.9,37.4,0,26,52.5,0,19.9,33.6,27.1,33,38.5,25.7,38.1,26.5,20,27.5,14,21.5,21,26.5,29,46,20.5,49.7,15,42.9,14,26.4,18.5,23,39,14.3,29.4,12,29.7,8,15.5,8.1,27,102.1,78,33.3,42.5,37.5,11.7,3.4,30.9,-4.5,34.7,27.6,25,14.6,19.3,36.8,38.5,44.7,98.5,22,28.4,26.8,15.6,16.6,13.6,16,15.1,8.2,14.6,32,0,11,28.5,21,0,0,22.4,20.5,27.6,22.5,27.3,83.7,139,4.2,41.7,60.9,28.5,10.8,20.7
2010-02-01,41,30.7,28.5,40.5,20.5,21,28.8,34,78.3,6,40.4,22.5,0,57.3,27.6,36.9,84.6,22.3,21.5,35.1,46,72,20.3,25,31.1,78,52,82,61,17.8,57.7,55,36.1,17,60.1,0,41.1,24,20,25.3,73,24.1,11,44,4.4,29,46.5,21,45.5,29.6,43.5,15,80.5,35.2,2,28,71.8,5.5,22,11.3,17.4,32.6,45.3,29.4,27,48.7,17.4,17.4,42.9,36.9,42,9,36.6,43,54,0,33,72.5,69,0,0,26.5,31,91,31.2,44,15.6,56.1,0,69.9,26.8,67.1,39.8,26.2
2010-03-01,13,20,4.5,9.5,2.5,4,8,7.4,10,0,9.6,6.5,0,8,7.9,3.8,0,13.2,31,13.8,14.5,3,5.5,11.6,8,0,11.5,0,0,3.5,9.7,8,15.7,2,3.1,2,8,10.5,-1,3.9,3.5,32.6,8,8,0,5,15.7,0,21,8.5,17.5,0,0,0.6,3,0,0,7,9.5,25.6,7.5,24.3,16.8,13.6,0,1,13.6,11.6,0,10.1,9,9,0,1,1,36,7,2.5,2,0,0,3.2,5,28,4.7,4.5,0,10,0,1.9,30.5,3.8,-5.1,1.6
2010-04-01,42,299.2,3.5,209,69.5,224,218.6,206.2,49.8,92,232.3,113.5,25,46.4,145.5,14.9,155,103.3,168.8,153.5,57.5,66,83.9,33,264.5,44,125.5,49,23,250.5,121.6,176,98.2,0,106,12.1,175,142.5,4.5,99.2,51,165.1,19,120.5,52,20,156,184,212.6,259,126,49,74.6,100,12,63.4,0,36,113.5,173.3,32,182.2,121.1,13.6,48,144,120.7,17.4,46.6,131.4,134,20.5,15,202.8,66,84,29,66.5,56,0,0,83.7,80,220.5,64.3,263,0,219.5,8,85.3,49.1,119.8,21.8,81.8
2010-05-01,107.5,99.4,0,21.5,28,105,74.5,54.8,72,66,31.1,20,0,120.4,30.9,27.5,175,26.2,49.3,34.5,87,34,105,50,74.5,100,44,11,76,16,42.8,62,59.5,0,54.2,4.7,15.2,20,8.1,83,22,47.4,11,87,71,25,65.2,9,42.4,63.9,51.5,0,61.4,12.5,15.5,36.8,120,8,64.5,75.4,97.5,31.5,52.7,74.6,55,35,35.1,39.3,110,42,98.4,39.1,44,45.3,65,69.9,37.2,77.3,85.5,128,128,62.5,60,31.1,31.7,87,60.1,83.9,21,84,35.5,134.7,0.9,1.6
2010-06-01,218.7,365.3,19.5,128,157,168.2,275.9,217.8,15,152,218.1,186.5,44,82,99.5,17.9,108.3,134.5,385.4,167.3,284.5,31,210.5,338,212.5,61.5,188,49,64.5,242,142.9,247,186,0,107,132.6,249.6,136,4.4,96.5,165,386.1,225,212,0,10,307.8,88.5,206.3,88.1,204.5,85,0,186.2,21,163.5,65,182.5,102.7,147.4,128.5,287,120.4,155.9,121.4,261,196.1,18.8,57.4,156.9,229.3,54.8,49.6,285.5,71,88.3,50,33,124,104,104,116.1,176.5,184,114.4,51.5,140.3,446.2,31.9,91.7,271.1,84.8,21.8,140.7
2010-07-01,362,444.8,43.1,108.5,187.9,161.5,402.5,199.4,97,228.4,284.1,217.5,0,141,287.8,142,218.8,213.6,554.8,246.7,254,62.5,238.5,295,224.5,107.1,225,109,131.5,298,354.2,175,217.5,0,118.2,68.5,127.8,330.7,43.9,220.1,208,618.5,213.6,166,139.5,34.4,359,200.4,313.3,397.1,350,100,219.2,242.6,23,238.4,179,131.1,89,284.8,269.8,308.7,135,168.8,219,354.1,262.1,101.4,179.9,189.9,169.6,130,114.9,189.4,93.6,130,0,111,96,143,143,297.5,291.4,280.1,356,156,153,522.5,84.5,120.8,153,167.5,54.6,165.3
2010-08-01,65,17.5,8.5,22.5,14,29,50.3,15.1,66,17.2,10.5,17,0,37.7,5.9,43,40,2.6,1.5,13.5,21,8,21.5,10,31.5,0,29,0,0,46,22,11,3,0,5.9,0,23.5,28,12.7,48.9,2,26.3,13,36,0,34,33.5,30.5,80.8,19,26.5,20,13.9,20,22.5,12.2,20.1,5.5,19,8.5,40.5,34.1,18.5,29.3,14,54,14.2,0,0,50.7,16,31.9,0,39.5,4,0,26.5,5,8,0,0,43.1,17.5,13,0,19,15.5,36.6,16,5.8,26.8,33.7,-5.1,34.3
2010-09-01,259,552.6,61.4,182.5,133.5,258,407.1,344.3,49,227,244.7,278,253.2,77.2,286.9,0,320,243.7,494.4,188.9,178,76.5,226.1,274,328,107.4,265.6,48,36,176.5,356.6,228,169.6,0,312.3,89.4,218,168,37.6,189.1,70,737.1,234,244,0,59,367.3,198.9,286.5,340,360.3,27,0,200.2,15.5,258.7,244.1,138.9,173,445,172,441.2,326,121.7,215,383,239.6,146.8,70,262.3,334,73.5,7.2,273.8,40,11.5,137,66,68.2,0,0,245.7,318.5,227.5,254,343.8,106.6,535,45,52,191.5,243.2,21.2,45.8
2010-10-01,14,35.3,0,1,16.5,0,11.1,0,5,12,1.4,0,10.7,3.4,0,0,0,3,4.7,21,3,0,0,25,0,2.7,14.5,0,8.5,5.5,0,0,14.5,9,0.9,0,0,22,-1.7,16,1,17.2,1,0,0,0,37.5,2,0.2,10.8,5.5,0,0,0,9,35.2,0,0,6.5,3.5,16,1.3,1.9,31.7,10,2,0,0,0,0,3,9,0,1,0,0,0,1,0,-5.9,-4.7,36.8,0,0,0,0,17.8,42.6,0,0.6,26.8,3.8,-5.1,1.6
2010-11-01,0,0,-2.7,0,0,27,0,0,0,37,0,0,3,0,0,0,0,0,0,0,1,0,0,0,0,0,0,0,0,0,0,0,1,0.5,0,0,0,0,-6.4,0,0,0,0,0,0,0,0,0,0,0,0,0,0,0,2.5,0,0,0,0,0,0,0,0,39.4,0,0,0,0,0,0,0,9,0,0,0,-1.4,0,0,0,0,0,0.9,0,0,0,0,25.4,-13.4,0,0.6,26.8,3.8,-5.1,1.6
2010-12-01,0,-6,-2.3,4.8,0,0,-4.5,1.5,0,0,0,1.7,0,0,0,-4.3,0,0,0,0,0,0,0,0,0,0,0,0,0,0,0,0,0,0,0,0,0,0,-7,0,0,0,0,2.6,0,2,0,0,0,0,0,0,0,0,5.7,0,0,0,0,0,0,0.3,0,13.6,0,0,0,0,0,0,0,9,0,0,0,0,0,0,0,0,0,1.1,0,0,0,0,0,-13.4,0,0.6,26.8,3.8,-5.1,1.6
2011-01-01,1,21.7,0,20,10,33,21.4,25.1,1,36,29.1,19.5,0,16.1,28.6,0,15.3,25,15.2,22.2,19,2.5,13.5,0,29,10,19.5,16,2,18.5,13.9,15,34.7,0,19.1,0,12,20,0,18.7,20,18.1,4,28,15,0,0,10,23.7,28.8,23,20,0,16.2,1.5,18,3,1.5,5.6,22,18.5,34.6,18.6,13.6,0,11,13.7,0,20,28.2,32,36.2,20.3,30.9,10,13,0,2,12.9,0,0,16,22.5,20,26,42.4,0,-13.4,19,13.5,26.8,15.2,3.7,34.3
2011-02-01,0,0,0,0,0,0,0,0,0,0,0,0,0,1,0,0,0,0,0,0,2,0,0,0,0,0,0,18,3,0,0,0,0,0,1,0,0,0,0,0,0,0,0,0,0,0,0,0,0,0,0,0,0,0,-3,0,0,0,0,0,1,5,0,13.6,0,0,0,0,0,0,0,9,0,0,0,0,0,0,0,0,0,0.3,0,0,0,0,0,-13.4,0,0.6,26.8,3.8,4.8,1.6
2011-03-01,0,23,0,0,4.5,16,42.4,16.5,0,24,66.2,0,0,0,0,0,18.5,0,6.7,0,0,8.5,0,0,16,0,4.5,0,0,3,0.7,7,0,0,13.4,0,1,0,0,0,0,8.9,0,1,0,0,0,0,9.2,17.7,2,0,0,6,7,0,9,0,13.8,0,9.5,1,5.1,13.6,0,4,0,0,10,17.3,9,14,0,20,0,0,0,43.5,1.7,0,0,7.3,4,1,22.4,21.5,0,-13.4,3.5,0.6,26.8,17.6,-5.1,1.6
2011-04-01,12,0,0,0,0,11,3.2,34.6,2,30,9.3,0,0,1.1,0,0,3.5,0,1.1,0,0,3,0,8,13,4.5,15,18,7,0,0,20,0,0,0,0,0,0,0,4.4,0,7.6,0,9.8,7,0,0.7,0,7.5,14.5,0,0,0,0,11.5,0,11,0,1,0,0,0,0,13.6,0,0,0,0,0,0,2,14.8,0,5.5,2,0,0,7,7.3,0,0,1.5,0,0,0,36.5,0,-12.3,4,3.2,26.8,6.4,4.8,1.6
2011-05-01,0,32.6,0,40,2,20,18,24,3,0,22.5,7,0,11.1,5.3,0,16,16.2,12.5,1.8,0,0,11.5,0,18,11.5,3,72,6,4.5,39.2,6,3,0,32.8,0,0.5,9,0,2.4,7,14.8,2,13,0,0,14,0,7.7,17.5,4.5,20,0,7.5,14,9.5,0,0,26,7.5,6,19.5,1,13.6,0,2.5,8.7,0,10,4.1,4,42,0,15.8,2,4,0,4,3.5,36,36,1.6,15,37,3.5,36,0,7.5,23,3.2,26.8,15.7,34.4,34.3
2011-06-01,128,130.6,0,104.5,39.1,96,103.5,94,11,64.3,78.4,102,0,145.3,97.5,0,51,50.8,127.5,46.2,66.5,5,78.5,146,81,1.5,61.5,29.5,3.5,46.5,48.6,46.5,30.5,0,44.3,104.3,51.6,40,0,250.9,113,190.2,142,94,168,0,115.5,65,80.6,138.8,62,10,18,62,20.5,84,74,87,84.5,0,221,84.1,106,13.6,110,51,70.5,0,10,70.1,25,16.2,0,90.3,0.2,11.5,0,2.5,2.4,39,39,337,73,103,52.4,203.5,0,159.1,5,0.9,219,41.9,11.1,17.9
2011-07-01,82.5,84.7,12,29,114.5,116,84.3,95.7,27,31.4,28.7,130.5,22,72.7,141.4,19,54.5,116.5,73,43.5,79,69.4,45,56,36,3.3,59.5,43.5,17.9,53,74.7,34,49,21,48.4,79.8,0.9,70,0,92,53,83.5,37,80,57,9,104.9,8,48.2,95,82,20,68,46,23,48.4,84,55,35.5,1.9,109.4,69,20,80.6,88,61,117,82.4,55,26.4,18,29.1,38.2,36.9,38,65.1,34,52,46.9,26,26,89.5,86.5,92,16.5,82,66,143.2,14,49.4,173.9,44.5,18.8,34.3
2011-08-01,93,106.8,3,14,22,33,55.4,46.2,5,37.7,46.4,11,0,33.1,15,0,13,9.9,50,6.2,28.5,38.3,0,44,29,7.5,54,9,12.6,2.5,0,19,0,0.5,15,8,17.2,18,0.1,90.5,20,82.3,26,22,5.5,4,109.5,24,23.5,24,38,35,3,6.5,24,4.2,11,11,16.3,0,16.5,26,4.2,60.1,111,6,8.7,17.9,15,59.8,27,10.5,24.9,107.3,0,0,29,9.5,21,0,0,29.5,5,19,9.5,90,45.8,150.1,1,0.6,41.6,13.5,-0.2,58.9
2011-09-01,2,87.5,37.5,4.5,59.7,37,53.7,34.7,56,29.2,5.4,108.5,70,24.9,97.1,17,4,100,35.5,64.3,19.5,26.5,33.8,8,24,13.5,12.5,56.5,28.7,3.5,29,4,91.5,3.5,77.4,0,0,127,3,42.5,46,26.1,3,2,31,14,38.5,0,3.5,30.4,6,65,4,12,18.5,24.7,28,10.5,37.1,0,3.2,13.5,45.9,13.6,23,1,25.2,1.6,60,6.4,9,14.8,17.3,32.4,47,23.8,33.8,35,24,30,30,46.3,13.5,1.5,15.2,32.5,0,44.1,4,61,26.8,6.8,25.9,108
2011-10-01,5,89,0.2,2.5,39,50,48.6,49.8,10,6.5,19.3,12,0,19.8,21.2,0,33.5,131.5,192,0.5,41,17,4,13,127,7.5,7.5,30,6.2,3.5,18.6,5,15,1,4.7,4.7,25,21,-4.5,12,14,177,10,49,7,0,31.5,0,17.4,77.5,1,0,16,0,9,9.2,16,3.5,31.5,145.2,21.6,99.6,12.5,43.6,0,3,20.8,9.5,20,19.2,38,26.2,18.3,28,0.9,10.3,2,7.5,12.1,0,0,14.5,9,3,0,82.5,29.6,33.7,12,1.8,35.5,28.8,11.4,1.6
2011-11-01,5,2.5,-0.5,5.5,9.5,5,20,17.5,0,9.5,12,0,0,12.3,0,-1.3,27.5,2.5,4.1,0,0,1,0,6,26,23,24.5,33,19.2,0,0,15,0,0,1.2,0,14,0,3,21,18,3.3,0,32,27,0,1,5.5,2.4,9.6,0,10,9,0,1.5,0,13,0,7.5,0,18.9,1.8,0,13.6,18,1.1,0,0,15,25.7,14,14.8,0,12.2,15,9.5,0,7,20.5,6,6,13.3,3,0,0,13,0,-11.9,4,19.9,26.8,24.3,13,17.9
2011-12-01,0,27.3,7.5,28.6,5,28,31.6,30.9,0,36.5,31.8,31.1,0,0,48.2,-1.2,0.5,40.7,24.5,40,73,0,27.1,0,32,0,39.5,0,0,32.5,30.3,35,40,2,65.6,0.1,38,19.5,0,12.3,0,25.9,0,31,0,0,0.8,26.5,31.9,34.8,47.5,0,0,36.6,12.7,28.8,2,9,17.5,0,1,31.4,83.6,13.6,0,7,28,1.1,0,31.1,32,9,0,31.8,0,0,0,0,0,0,0,9.6,54,46,7,26,0,-12.2,0,0.6,27,4.1,-5.1,1.6
2012-01-01,3.5,18,3,1,9,6,12.7,4.3,5,12,5.1,28,0,15.8,2.4,0,3.5,1.2,15.5,1,1.5,7.4,3,1,8,5,3,22,2,2,0.5,3,2,3.8,4.3,0,4.5,2,2,12.5,14,11.7,0,4.5,2,4,5,0,1.5,14.7,0,8,22,0,0.5,4.4,1.5,1,3.5,8.2,12,4.1,7.1,19.7,0,3.5,4.6,5.2,14,2.9,3,10.5,8.3,6,0,4.5,9.8,5,4.5,10,10,5.1,0,2.5,0,6,6,-5.9,1,0.6,26.8,6.4,7,14.7
2012-02-01,71,86.7,12.5,68.5,51,83,96.2,95.6,65,56.6,102.8,25,93,94.7,41.6,0,130.7,39,35.5,95.6,97.5,85.6,21.9,31,100,99,84.5,73,86.9,24,48.1,112,75,0,65.2,2.8,112,20,6,91.3,113,49.4,24,85,103,5.5,84.2,5,74.3,92.6,86,120,147,44,7,27.1,131.5,15.5,25,41.1,100.3,43.9,50.3,66.1,136,28.5,31.3,20.9,130,84.4,133,142.2,95.2,79.9,96,109,13.2,82,86.8,88,88,133.6,29.5,48.5,25.9,88.5,51.7,112.3,93,123.8,32,101.6,34.9,198
2012-03-01,58,18,24.5,2,17,35,39.3,20.4,2,15.1,9.9,15,71,43.3,18.2,0,48.5,1.5,5.2,10.3,10,35.9,67,11,14,27,29,22,20,13,17.5,53,2,0,27.3,1.5,42,11,0,39.6,21.5,15,33,23,48,1,40.8,6.5,27.7,32.5,38,20,22,20.5,6.5,31.1,28.5,14,5.3,6,50.5,6.4,0,52.6,52,12.5,24.5,7.6,14,20.1,17,34.8,23,30.2,29.5,54,5.2,52,10.2,42,42,7.3,1.5,22,25,23.5,38.4,47.5,18,38.5,29.6,40.1,7,34.3
2012-04-01,5,55.5,3,28.5,5.5,130,31,43,4,11.1,39.1,4,0,16.5,8.7,7,40,4.5,27,100.3,4,20.2,5.3,1,67,31,215,42,15.7,0,99.2,93,27.7,0,30.2,0,76,0,0,34.4,0,26.8,2,134,7,0,6.6,55.5,143,102.6,68.5,15,4,37.5,13,6.6,33.5,3.5,16.3,22.6,24.5,30.4,13.9,21.2,9,1,4.3,2,60,75.5,178,46.3,32.6,121.5,12,14,4.7,17,19.3,0,0,32.9,13.2,5.5,5.2,128,7.5,-3.5,26,16,26.8,33.7,17.9,26.1
2012-05-01,21,72.3,7,148,35.5,13,57.1,14.5,18,38.4,70.2,21,0,53.6,86.6,8,50.5,3.8,33.3,53.4,57,24.5,41,20,19,34,56.5,14,40.5,49.5,79.7,5,56.5,0,69.3,7.9,26,45.5,0,19.3,33,50.2,18,26,0,4,32.8,38,38.6,25.8,60.5,21,47.7,56,18,53.6,74.2,13,31.4,36.4,29,119.3,54.3,18.9,95,24.5,19.8,4.3,47,17.9,31.6,57.7,42.3,22.3,44,37.5,7.4,12.5,73,28,28,26.9,49,46.5,31.7,24.7,5.2,35.6,34,57.1,41.4,41.6,2.6,36
2012-06-01,41,81.1,3,103.5,85,69,83.5,89.2,20,77.8,66.1,39.5,0,114.9,84.4,22.9,82.7,53,120.5,88.9,84.5,37.6,43.5,74,110,46.3,61.5,17,16.2,81,66.9,54.1,109,0,168,50.5,94,43,17,36.9,23,112,31,71,0,12,111.5,9.5,81.2,49.8,48.5,23,21.3,82,21,66.8,67.7,3,21,42.5,52.3,80.5,112.8,83.9,75,120.5,49.5,45,31,140,66,44.1,17.4,136.4,26.5,31,29.1,74.5,34.9,0,0,69.4,44,67,30.5,63,69.3,153.1,24.5,34.6,119.9,65.6,4.2,39.2
2012-07-01,122.5,35.1,10,20.5,62.5,2,22.2,29.3,100,33.3,1,11,38,64.5,15.6,0,75,5.1,63,10.4,5,108.9,35,41,2,20.5,70,47,16.8,28,31.1,22.8,18,0,64,80.3,51.5,16,0,47,53,55.9,6,78,8,18,70.5,52,34.4,8.6,9,17,53.9,24.5,21.5,28.8,81.6,17,17.7,11.5,101.6,28.2,22.5,72.9,54,33,38,67.8,84,27.6,25,31.9,31.8,11.5,27,57.5,30.8,41.5,25.1,47,47,77.9,48,25,68.3,0,58.4,91.9,16,35.3,174.8,59.9,20.7,29.4
2012-08-01,49,116,4.5,1.5,43,35,53.5,109.8,29,70,152.1,100.5,0,65.3,40.5,27,45,21,191.8,31,14,50.9,60,59,91,56,88,27,34,38,66,91.7,6,7.4,101,33.6,65.6,24,4.3,42.2,38.5,108.2,62,51,0,2,74.8,7,62.5,63.7,64,24,58.7,41,22,64.8,167.3,10,35.8,11.9,81,30.8,0,51.8,92,17,108.5,23,99,45,42,41,17.1,99.7,22,18,29,66.5,46.9,15,15,46.5,49,15.5,31.7,130,37.6,98.3,22.3,28.9,88.7,37.4,9.7,40.9
2012-09-01,161,190.8,128.5,31.5,14,44,125.3,70.3,64,155,90.2,54,150,39.4,45.2,92,45,65.1,215,46.8,56,57.2,75.6,86,69.9,16,120,4,36,18.5,32.7,70,60.5,23,61.8,15.5,80.4,27,38.2,26.4,14,225.5,63.5,30,0,0,109.5,16.5,40.5,41.1,33,7,25,61.5,19,58.1,42,52.5,49,239.8,44.8,133.4,7.8,100.2,35,32.5,76.3,0,67.5,34.4,30.4,108,50.5,56.1,24.5,27.5,38.2,51,31.5,0,0,30.3,44,13.5,26.5,62.6,85.4,150.1,69.1,32.1,55.4,37.4,-2.9,13
2012-10-01,29,53,14.5,4.5,35.5,71,63.1,51.5,2,0,14,25,0,19.2,12,17.3,4,6.7,60.5,22.2,8,4.6,3,52,48.7,4,1,6,3.3,2.5,2,4,16.5,16,26.5,14.4,35,3,7.7,37,24,71.1,38.5,45,0,10,25.5,0,11.6,167.6,28.5,15,28.7,20,10,3.1,61,10,35.6,12.6,1.5,22.8,9.5,20.1,15,3,10,0,24,39.4,73.6,31.5,16.6,10.6,0,21,14.1,4,9.2,0,0,34.3,6,4,0,26.1,6.4,24.7,15.7,0.6,53.4,6.8,-1.8,26.1
2012-11-01,13,63.1,1,13,12.5,95,103.4,68.5,2,4,41.3,32,0,7,50.1,-1.7,10,25.4,48,50.9,48,12.5,80.5,29,52.6,15,59,6,0,2,41.8,58,28,0.5,26.3,0,136.5,17,-5.3,27.4,19.5,57.8,9.7,88,0.7,0.6,12.5,0,38.4,100.7,33,5,13.4,55.5,10,37.2,17.5,21.6,40.5,35.8,14.1,96.7,46.6,18.3,20,6.5,28.8,0,2,57.7,88,4.5,7.2,63.6,0,3.5,3.8,10.5,5.8,8,8,23.5,13,13.5,25,89,4.6,5.3,-3.2,0.6,26.8,11.2,-1.8,9.8
2012-12-01,4.5,7,-2.3,7,0,5.1,-0.4,0.7,18,1.9,0,5.5,0,13.2,4.2,-1,2.5,5,3,6,1,7.4,3,0,0,2,3.5,0,1.5,2,9.7,0,6.5,0.5,6.5,0,1,0,-6.3,5.5,0,15.6,0,2.6,0,-0.7,2,0,1.9,16,1.5,0,35.5,5,6.3,5.8,8,0,1,0,0,1.5,11.3,20.9,0,0,4,0,5,0,0,3,0,0,4.5,0,5.8,6,1.2,0,0,0.3,1,9.5,0,0,7.2,-10.4,-4.2,6.4,26.8,5.6,-5.1,1.6
2013-01-01,41,34,12,23,59.5,33,31.1,37.8,66,30.8,37.6,39.5,0,80.2,33.4,4,125,5.3,21,37.8,27,44.7,37,21,45.5,66,55,169,54.8,25,24,50,60,5,20.5,0,46,27,0,49.8,74,26.6,5.7,32,24.6,0,27.5,8.5,33.4,39.1,24.5,81,73.5,19,1.5,33.2,68,22.5,10.5,25.2,90,20.4,22,95.6,72,18.5,36.8,39.6,114,37.6,52.2,65,61.3,38.3,63.7,101,28,27,69.6,74,74,48.8,36.5,25,24.9,36.5,80.8,27.7,39.1,82.4,26.8,97.3,87.5,134.2
2013-02-01,0,2,0,25,3.5,2,0.3,1.3,0,0,1,2,0,0,0,0,0,0.3,1,0,0,0,2.2,1,0,0,0,0,0,1,0,3,0,0,0,0,1,0,0,-0.2,0,0,0,0,0,0,0,0,0,0,0,0,0,0,6,2.3,0,0,0.5,0.3,0.5,0,1.3,13.6,0,1,0,0,0,0,0,0,0,0,0,0,0,0,0.7,0,0,-8.7,1,0,0,0,0,-13.4,-6.3,0.6,26.8,3.8,-5.1,1.6
2013-03-01,0,45,0,0,0,9,25,15,0,0.2,9.2,8.5,0,0,1.8,0,1,0,27.1,0,0,0,7.6,0,9.3,0,1.5,0,0,13,2,6,0,2.2,1,0,2,7,0,11,0,26.6,0,6,0,0,0,5,3.5,50,2.5,0,0,2,6,6.1,0,0,19.7,17.7,0,40,0,13.6,0,20.5,10.9,0,0,2.1,10,0,0,6.2,0,0,0,0,0,0,0,0,7.5,6,2.3,0,0,-13.4,-6.3,0.6,26.8,4.5,-5.1,1.6
2013-04-01,13,59.5,0,83,30,19,23.1,31.9,15,8.1,10.3,42.5,0,34.1,21.4,0,10,42.3,16.1,26.1,9.5,5.4,20,4,14,6,17,15,12.2,24,15,13,34.7,2.4,34.9,20,9.5,26,0,21.2,21.5,32.3,11,14,0,0,2,19,4.6,49.5,12.8,10,18.1,32.5,9.5,16.4,4,2.5,18.5,37.5,20.5,59.9,31.5,13.6,48,15,5.8,0,17,7.9,18.4,14,19.4,14.1,12,15,2,0,4.3,10,10,27.6,25,21,6.9,36,0,-10.4,3.5,16,63.7,11.2,3.1,17.9
2013-05-01,139,187.5,10.5,74.5,97,88,66.6,119.3,58.8,78.5,182.7,135,85,86.7,90.1,14.7,112.6,87.3,133.9,83.1,41,145,50,98,88,36,185,165,34.9,103,85.5,141,52.5,11.7,170.5,90.8,164.5,78.5,0,56.8,43.5,126.6,76.8,99,0,34,141.5,77.5,105.3,118.6,111.5,45,44.7,74,10.5,101.2,120.7,53,40.8,94.4,70,105.4,139,157.1,113,96.5,66.8,66.5,77,84.8,141,49,76.1,123.6,26.5,29,32,130.5,70.1,89,89,92.2,43,34,43.1,97,141.5,197.9,27.9,34.6,194.1,88,85.3,75.2
2013-06-01,34,48,20.5,71,28.5,37.5,28.5,25.8,73,43,56.5,11,104,64.2,55.3,21,74.4,33.1,45.3,18.2,34.5,43.2,58,112,18,43,91,88,32.1,11,19.8,54,0,25.7,34.3,0,29,6,28,38,32.5,12.7,13,91,0,69,97.5,40.5,31,64.6,57.5,25,71,21,22,44.3,72.9,2.5,79,119.4,49.5,25.8,52.9,91,53,4.5,75.8,22.4,101,110.7,61.2,68,38.7,67.8,40.2,25,105.5,68,42.5,53,53,66.3,18.5,7.5,30.7,149.5,76.3,132.2,41.2,52.2,26.8,59.4,43.1,42.5
2013-07-01,155,45,9,80,69.5,93,89.6,135.2,113.8,49.6,110.7,21.5,0,141,104.9,64.5,70.2,42.4,94.1,75,11.5,59.1,90.3,103,93,55,89,57.5,47.2,51,95.7,105,116.9,23.6,45.2,19.2,111.5,77.5,32.5,123.8,83.5,104.2,11.5,106,42,40,72,30.5,94.9,134.5,29,20,105.8,94.5,23,88.8,50,11,45.5,19.9,124.3,83.1,16,57.2,35,82.6,58.3,70.9,90,67.6,69,78,38.5,122.1,54.5,20.5,75,60.5,45.1,32,32,285.8,94,77,67.4,126,43,94.1,48.2,70.6,62.2,56.3,26.4,34.3
2013-08-01,56.5,33.5,5.5,1.5,82.5,32,120.2,106.9,26.5,108.1,35.8,41,0,52.3,44.1,0,16,41.2,150.5,55.1,39,102.1,63,144,96,19.5,61,24,6.9,20,70.1,75.3,29.5,6.2,16.3,53.4,85.5,43.5,-0.1,67.6,56.5,122.6,55,40,52.3,13,157,1.5,64.2,74.7,33,10,51.5,44,23,87,77,51.5,19.1,64,79.8,47.9,11,112.3,120,41.5,62.7,0,62,61,119.6,38.5,19.6,103.8,14.7,27.5,32,42,26.4,16,16,85.5,8.1,9,19.9,73.5,97.3,221,20.6,19.5,125.2,15.7,8.1,17.9
2013-09-01,292,545.5,95.5,167.5,131.1,372,538,370.2,39.7,297.5,376.6,337.5,313.3,333.3,295.8,57,328.5,297.2,648,352.6,194,100.8,391.5,328,480,63.5,372,116,33.5,248.5,306.2,432,291.5,27.3,194,323.2,349.1,255,52,405.1,193.3,636.3,406.4,376,289,37,393,262,419.7,494.9,398.5,71,99.3,366,19,324.2,147.7,205.3,101.3,371.8,418.2,321.2,254.1,327.6,228,361.7,286.1,85.8,86,360.5,335,103.8,79.9,527.3,36.6,92,81,52.5,80.4,42,42,606.2,315.2,411.5,336.2,432.8,309.5,573.3,66.1,47.6,622.2,249.6,58.5,117.8
2013-10-01,45,49,14,51,18.5,22,20.1,21.6,75.6,50.3,11.8,15,42,22.2,26.9,22,141,25.6,42.8,4.6,1,130.8,29,52,12,69,6.5,39,63,2.5,11.6,5,4.5,5,13.6,0,6.1,19,0,31.8,27,47.6,8.5,10,16,1,65.5,9.5,5.2,41,4,20,35.5,10,12.5,7.4,84,2.5,33.8,32.6,48.5,40,1.8,88.1,78,19,15.2,14.1,50,9.2,7.4,33,38.7,12.1,34.5,11,8,71.5,43.4,67,67,22.9,44,38,27,19.5,73.4,84.4,16.7,44.9,26.8,109.3,16.3,34.3
2013-11-01,63,153,96,13.5,52.5,52,65.7,57.2,22.4,55.8,43.3,69,55.9,62.1,45.2,40,36.1,45,105.7,41.5,108.5,40,82.5,55,35,29,50,39,25.6,40.5,41.1,37.8,47.8,20.7,25,3.3,40.5,24.2,60,36.1,32.1,157.9,44,36,7,25,49.9,30.5,55.1,87.7,50,30,25.7,68,1,69.4,48.4,27.5,54.1,108.7,49.5,82.2,40.2,70.7,10,68.2,80.2,0,119,34.2,34,33,39,39.1,21.1,40,39,27.5,31.8,33,33,21.4,69,57,22.6,47,56.3,61.1,16.7,27.7,32.9,30.8,16.3,50.7
2013-12-01,82,111,20.5,0,131.5,159,164.9,172.8,119.5,111.9,169.9,0,91.8,145.1,103.7,60.1,178.5,96.4,81,115.1,109.5,100.4,78,45,165,132,118.5,133,98.4,61,94.6,136,119.8,22,83.2,12.2,126.1,90.5,13,165.5,131.3,100.5,53.4,112.5,148,20.7,96.5,15,106.7,180.4,108,152,139.7,100,19.2,84.8,122,64.5,54.8,82.2,190.8,103.6,85,69.1,128,63.5,80.7,0,157,56.6,124,157,166.5,152,61.5,117,64.9,114.9,129.6,165,165,171.8,50,49.2,44.4,185.5,54.7,130.7,103.3,79.6,49.3,137.3,67.8,250.4
2014-01-01,21,28,4.1,4,16,13,20.7,28.5,22.8,21.8,36.5,7,19.6,40.5,11.5,13.9,35,11.2,6,8.5,17,21.3,3,23,32,28,33.5,100,17,2,8.9,42,7,6.9,4.7,0,33.6,3,-0.1,38.2,54,10.2,5,29,29,6.1,30,5.5,10,34.5,9.6,25,44.7,7,1,6.9,33.5,7.5,20.1,6.6,40.5,10.6,0,31.5,25,2,7.7,12.7,6.2,15.8,6,25,25.8,1,19.5,5,18.9,21,7.2,82,82,48.9,3.5,0,1.4,4.9,17.6,31.4,11.1,25.7,26.8,30,49.7,42.5
2014-02-01,0,29.5,0,4,16.8,19,9.7,18.6,1.3,3.8,11.5,8.5,-5.9,8,8.9,-7,2,13.3,11,9.9,5,0,17,2,14,3,19,0,0,13,8.6,23.4,9.7,0.1,8.6,0,11.6,6,-3.9,7.4,17.5,15.2,0,13,0,0.4,6.5,7.5,15.2,16.3,10,5,7.5,7,1.5,8.4,2.3,0,4.2,18.1,3,32.2,9.8,21.6,0,14,13,1.8,5,7.3,9,20,17.2,12,0,0,-0.6,2,0,14,14,6.4,15.5,9,11,7.5,7.9,-3.7,7.7,0.6,26.8,5.3,-5.1,9.8
2014-03-01,55,38.5,9.2,13.5,41.2,49,30.5,32.3,28,32.3,30.5,28.5,36.6,29.1,34.1,22.1,58,25.8,36,15.2,42.5,22.2,24,51,27,42,50.5,25.4,26.5,9.5,25.3,50,15.6,9.7,15.7,0,30.3,24,4.8,24.6,77.5,30.2,12.5,23,0,9.8,37,13,21.1,39,16,20,55.2,9.5,4,19.4,37.7,12.5,6.2,31,37.7,17.7,22.1,40.3,50,31.3,37,21.5,3,19.3,31,32,28.5,27.3,18.6,27.5,26.5,27,35.3,24,24,26,27,12,9.6,17.5,26.3,41.9,16,24.5,26.8,47.2,8.8,34.3
2014-04-01,13,31.5,2.8,0,55.6,13,16.4,22.2,39.2,14.7,3.1,16.5,7.3,22.1,5.5,11,33,0,16.4,5.7,1,13,48.5,7,6,11,6,6,2.5,1.5,11.5,7,12,6,2,2,2.2,15,-1.3,12,32,16.2,0.3,5.1,0,3.9,19,0,2.6,12.1,0,8,15.5,5,7.5,0,20,6,5.7,15.4,23.5,31.6,2.8,26.5,20,10.5,23.2,7.2,2,0,0,29,13.2,0,12.5,6,16.2,8.5,8.5,30,30,7,16,4.6,14.2,7.5,12.7,15,13.9,16.7,30.5,28.5,-1.8,14.7
2014-05-01,87,58,12,86,114.1,148,97.5,152.7,75.3,30.1,77.9,7,65.5,191.4,30.5,48.7,119,11,25,41.6,18.5,51.2,5,47,140,59,190.5,105.5,66.8,30,25,92.7,106,18.3,129,0.3,223,33.5,7.8,59.1,93.5,45.8,20,97,33,18,74,52,30.3,80.2,63,100,78.1,57.5,12.5,35.4,86.4,7.5,12.1,13.9,100,26.4,57.1,46.4,112,80.5,11,33.1,18.8,54.7,88,109,147.5,24.5,56.8,58,51.1,26.5,60.6,153,153,32.4,31,50.5,47.1,98.5,32.3,97.1,69.8,73.5,27.4,92.8,52.7,165.3
2014-06-01,79,39,17.3,122,116.3,14,42.8,59.3,196.1,93.9,64.5,17.5,101.2,49.5,40.1,98.8,156.9,17.4,45.2,67.5,0,54.8,24,179,71,31,11,76,68.9,17,17.1,65,22.5,34.6,26.9,27.9,37.7,26.5,12.4,89.8,135.5,25.1,30,82,112,22.2,88.5,10,14.6,78.3,26,104,112.5,15.5,23,39.1,184.6,9.2,42,52.4,111,14.7,7.5,78.6,85,45.6,30.8,49.6,16.5,58.2,0,26,75.7,58.4,74.2,33.6,98.1,89.5,64.9,72,72,49.8,18,10.5,28.7,25,64.1,118.7,11.8,95.9,78.2,121.2,36.6,171.8
2014-07-01,68.5,23,12.4,37,27.3,37,44.6,87.6,88.4,88.5,55.6,27.5,88.4,141,33.1,73.8,122,4.6,48.5,39.6,13,88.9,35,35,119,7.5,16.1,75,46.8,20,38.9,61,31,26.6,59.2,28.6,32.5,9,7.9,70,142.5,23.8,12.7,29,0,25.3,126.7,37,17.6,45.2,33.5,70.3,28.5,30.5,23,56.1,63.5,0,6.2,6.1,81,19.5,60,62.2,61,54,5.5,37.6,93,33.7,25.8,70,56.4,77.1,58.5,54.7,75.1,70.5,23.8,104,104,62.1,68,65,61.7,5,47.9,175.8,42.6,75.7,79.5,95.1,36,116.7
2014-08-01,110,76,24.3,42.5,30.6,60,65.7,55.3,46.6,63.3,45.5,59,66.3,52.3,15.5,41.1,100.3,56.5,132.7,124.7,8,47.8,30.5,23,48,41,101,22,50.4,67,11,19,22.5,15.9,67.4,22,45.7,49,19.1,106.7,22.5,140.3,60,37,0,25.8,85,17,51.9,40.9,72,10,48,9,24,27.4,111,16.8,24.8,27.9,103.8,44.5,32.1,58,76,67.5,43.2,38.1,145,27.9,78,69,86.1,58.3,64.4,19.6,43.9,19.2,9.5,39,39,55.1,72.5,33,65.6,73,43.8,113.5,41.9,83.3,67.4,78.8,7,17.9
2014-09-01,238,423,77.9,88,219.2,268,384.4,296.2,70.6,306.6,230.6,221,231.9,225.6,220.1,109.1,274.2,200.1,454.5,203.4,240,113.6,176.5,269.2,221,86,224.6,13,84.9,160.5,223.8,233,231.6,38.4,212.7,81,275.6,277,67,278.8,180.5,585.3,177.2,186,229,56.8,304.4,153,288.5,427.3,257,71.5,58.5,277,19,161,187,109,91.7,314.4,383,320.1,153.7,202.6,353,157.5,170.5,92.4,123,174.7,218.3,52.6,55.8,260.5,56.1,50.4,107.5,99.1,94.7,111,111,582.3,258,287,237,360.2,186.3,441.1,30.4,72.6,176.1,208.9,2,118.6
2014-10-01,33,377,14,36.5,48.8,80,53,101.5,25.8,39.2,163,42.5,31.1,22.2,43.6,10.7,47.6,76.5,349.1,65.5,61,13.5,40,31,50,20,20,19,25.5,32,90,48,32.5,5.9,61.2,12,37.5,59.5,9.5,1.5,37.9,332,77.5,42,19,14.3,71.2,24,11.2,81.7,29,0.1,10,91,11,53.9,61,0,63.1,119.2,54,262.8,23.1,67.4,60,61,31.8,23.7,13,93.5,38.3,24.5,25.6,114.5,24.5,10.1,15.8,9.5,17.5,15,15,51,24.5,79,4.4,66.5,53,92.9,10.8,32.1,49,39.4,5.3,1.7
2014-11-01,113,70.5,39.8,69,33.4,58,60.8,70.7,95.3,74.4,66.5,48.5,78.2,62.1,59.9,60.5,113.3,29.1,59,76.9,58.5,40.1,67,72,67,65.3,78.1,71,92.1,42.1,52.1,66,81.7,22.2,49.2,32,76,34.5,32.3,51.2,72.6,61.8,66.5,76,104,26.6,96,69,64.9,71.8,71,34,66.9,61,3,77,105,76.5,27.3,62.5,2,51.1,61.3,63.1,74.5,59,68,43.1,82,71.9,77.8,72,68,75.7,56.2,60.4,62.1,49,88.1,65.8,65.8,91.5,68,48,48.1,72.7,48.8,129.9,44,72.8,85.8,88.5,33.8,57.2
2014-12-01,44,96,19.7,0,3,47,47.7,56.4,41.7,24.6,70.8,60.3,34.6,10.2,74.9,30.7,36.7,79,88,46.7,58.5,41.5,51.8,38,49,28,52.4,47,17.7,44.5,38.3,45,69.5,12.4,43.9,35,44.1,49.5,13.9,19.1,8.3,61,28,53.8,0,17.7,16.5,23,55.2,65.4,46,10,12.5,31.5,12.6,45.7,40,31.5,13.1,70.3,0,79.3,41.8,36,23,40.5,60.3,25.5,5,38.6,93,14,8.4,82.7,20,20.5,34.6,28,21,19,19,14.7,53,47,33.4,61.3,22.1,11.3,3.5,26.3,91.3,31.2,20.7,17.9
2015-01-01,21,43,4.2,22.5,33.2,41,52,52,14,12.3,48.6,11.2,87,33.4,37.2,7,24.5,19.5,19.5,21,26.5,15,6,18,50,34,37.1,109.9,9.9,26,10.8,40,58.5,3,15.4,21,29.3,16,0,31,24.5,34.4,6.3,41.5,24,0,36.5,21,23.4,58.6,9,24,60,15,2,3.8,18.4,5,19.7,44.7,35.1,41.4,22.3,60,8,31,10.5,8.6,0,35.5,46.5,25,22.3,99.6,14.1,25.5,6,10,15.5,43,43,43.9,40.5,132.5,22,58.3,45.7,41.1,11.1,18.7,65.5,22.1,55.1,40.9
2015-02-01,55,98.4,0,16,22.6,43.8,55.9,50.9,47.2,50.3,40.9,52.5,20,38.4,64.3,52.5,58.8,52.2,74.1,11.2,11,55.4,39.1,32,42,35.5,50.3,35.8,31.9,21,18.3,58,12.9,25.5,20,30,45.2,33,0,39,35,111.3,29.8,39.5,20.4,34,61.2,28,42.2,58.5,31,28,15.8,28,3.5,18.2,50.8,32,27.1,72.8,44,98.1,24.6,75.3,52,23.5,41.1,32.2,27.7,33,46.6,27.3,26.5,44,33,15.7,57,45,27.9,13.5,13.5,39,52.5,21,29.1,54.5,60.8,78,12.7,43,82.1,47.8,14.5,47.4
2015-03-01,175,181,78.8,46,85.1,2,147,176,128.9,87.3,98.7,73.5,154.3,153,124.8,99.5,169.1,82.8,116.2,83.2,45,128,89,147,140,154.5,91.5,179.5,115,56,97.7,89,79.5,18,102.5,98,81,54,150,136,111,125.6,86,90,0,53,109,71,75.2,154.6,90,106,133.4,86.4,4,64,159.6,74.5,37.8,94.9,156.5,112.9,97.8,83.7,130.5,71,76.3,38.8,193.6,95.8,84.4,139.5,134.2,86.2,132,128.6,134,107.5,115.4,185,185,165.6,62,72,60.3,131.2,69.1,149.4,91.1,170,207.4,130.3,93.3,175.1
2015-04-01,49,117,83,86.5,34.4,41,133,53.5,32.6,89.5,72.8,129,0,112.6,126.3,25,105.5,88,58.7,211.2,104,43.5,36,32,52,53.5,75.5,44,28.9,146,215,111,219.4,26.5,124.2,108,71.1,80,37.5,48.5,117,40.4,24,31.5,30,3,46,66.5,94.3,107.5,155.1,10,131.5,132.4,12.5,85.7,81.1,48,121.2,93.2,62,56.4,106,126.7,46,110.5,107,43.5,124,39.3,63.4,48,48.2,50.1,75,67.6,50,41.5,36.3,42.5,42.5,56.6,92.6,211.5,50.7,228.3,111.5,55.3,27.2,96.9,225.8,82.7,19,17.9
2015-05-01,61.5,152.5,29,128,68.8,144,132.7,294.1,160.3,52.3,259.7,74.5,130,124.5,189.6,85.2,175.7,145.4,177.6,192.7,175,89.4,115.5,117,212,112.5,147.5,114.5,93.1,91,108.7,162,288.5,23,139.4,64.6,165,49,65.5,98.5,94.5,173.9,60,153,98,38,81.5,68.5,113.9,160.5,96,98.6,123.3,93,13,55.3,113.6,58.5,42.5,95.3,125.5,189.9,97.5,110.3,113,124,108.5,113.6,152,230.5,149.3,118,127.6,251.5,122.5,183.2,98,91,112.2,85.4,85.4,92.7,97,143,96,161.5,95.3,108.3,76.1,157.8,145.9,135.2,57.7,163
2015-06-01,54,161,38,32,97.7,80,144.4,67.1,156.3,38.1,107.5,122.5,237,90.1,215.8,128,61.2,135.2,174,46.5,32.5,77.3,96,50,77,41.5,93.1,113.5,75.9,34,128.8,183,76,23,93.2,18,95.8,137.5,25,137,76.3,173.3,19.2,70,72.5,42,31.7,33,84.8,160.9,118,56,75.2,100.7,20,63.2,72.5,46.5,111.2,57.5,87.5,97.9,60,120.8,121,51.5,48.5,51.5,157,80.7,8.5,123,103.1,91.9,85.8,114,71,107,101.6,85,85,125,57,7.5,77.3,163.9,105.7,34,79.6,110.7,60,49.6,57.1,93.2
2015-07-01,23,0,41.3,1.5,4.5,0,0,8.3,25,11.2,15.9,4,108,29.7,19.8,63.4,27.2,2.5,1,0.3,0,71.3,5,2.5,0,6,0.3,31.5,6.6,20,15,7,5,28,2.5,0,5,12,57.5,4,5.4,0,0,0,12,31,15,41,10.7,0.5,12,20.2,53,6,22.5,3.8,19.8,0,0,6.7,49.5,26.8,2,31.1,0,6,0,11,30,2.7,2,44,2,21,38.8,18.8,61.6,21.5,16.6,43.5,43.5,1.8,0,5.5,1.2,5.6,17.2,9,24.4,50.4,26.8,24.1,12.2,34.7
2015-08-01,37,41,60,25.5,48.8,64,58.7,58.5,22.7,58.1,28.1,15,141,61.8,0,36,37.2,9,65.9,17.7,12.5,84.5,28,32.7,30,5,41.1,52,30.6,0,0.2,18,58,31.5,23,29,27,39.5,25,58,90.2,36.9,22.5,71,40,17,160.5,0,52.5,49.9,66,45,45.7,18,19,85.2,55,34,68.6,18.4,73,38.1,28,84,45,21,32,14.2,32,96,25.5,35,74.1,120.5,42.5,36.1,134,32.5,21.9,66.5,66.5,61.2,9,0,60.7,61.3,69.4,226.2,18.1,55.2,80.3,31.6,23.4,75.2
2015-09-01,79,198,90,107,44.6,101,89.4,118.6,42.1,25.1,46,66,60,17.9,53.6,3,67.2,47.5,182.3,34.3,83,36.9,29,73,59,24,52.3,59.5,20.8,48.5,92,16,24.8,12,55.9,65,35.5,39,75,76.5,75.2,178.6,74.3,36,102,40,71.5,45,49.8,132.9,37,19,26.5,42,19,23.4,45.5,46,52,71.1,46,83.2,72,42.6,64,23,57.5,33.5,27.7,14.6,32.5,14,26.7,35.5,16.5,8.4,60,47,10.9,30.5,30.5,90.3,33,49.5,59.7,120.5,28.6,93.4,3.5,21.8,146.6,54.1,27.5,32.7
2015-10-01,95,101.3,54.3,154,102.5,84,115.6,156.3,72.2,77.2,165.9,102.5,81.1,146.8,114.3,71.2,161.8,108.3,89.8,67.1,72,124.5,42,79,125,130.5,92.4,193,167.9,54,48.9,77,106.5,30.5,54.5,77,69.1,37,37.5,98.5,116.5,89.3,87.6,36,101,53,87.5,19.5,81.1,197.7,77,181,116.6,92,9.5,38.8,189.9,19,58.9,73.3,139.2,70.2,55,77.3,153,54,40,68.7,177,38,82,126,128.3,52,157,187.1,58.5,139.5,173.6,132.7,132.7,173,28,39.5,90.4,201,62.8,117.3,81.7,202.1,168.7,124.8,100.7,297.9
2015-11-01,13,28.5,10,28,3.9,36,25.4,43.9,13.1,11.2,45.3,19,-6.5,2.9,41,0,12,24.5,24,19,9,2,30,3.5,44,4,24.8,6,17.2,9.5,29.5,40,15,4,10.3,0,26.7,9.5,0,4,2,23,0,45,0,0,7.5,18.5,34.3,34,32,0,3.5,28.5,4.5,2,8.8,4,8.5,28,6.5,27,8.7,11.5,0,15,25.5,6.2,0,36.4,35,15,0,72.5,0,0.8,0,15.5,1,0,0,14.6,18.5,11.5,19.3,45.1,-2.1,-2.2,4.2,0.6,26.8,12.7,-1.8,1.6
2015-12-01,5,6,0,5.4,3.8,4,4,7.1,3.3,0.9,6.3,2.1,-0.4,18.1,6.1,0,31.9,0.1,4,4,1,3,0,5,10,2,6.2,22,5.6,2,0.7,2,5.5,0,2.1,0,5.8,2,0,0,10.5,4.8,0,7.2,0,2,0,0,3.5,6.6,2,8,15.5,12,6.1,0,29.8,1,4.2,3.2,10.9,3.4,0.6,25,10,2,0,0,10,7.2,1,9,11.2,5,11,5.5,0,5.5,3.2,13.5,13.5,1.3,0,0,2.2,5,11.2,-13.4,0,14.8,26.8,27.6,7,14.7
2016-01-01,43,48,120,41.5,42.1,60,32.6,61.4,36.6,49.8,63.5,31,35,71.4,30.1,37,59.6,21.4,26.5,24.3,33,30.8,22,3,63,37.5,26.9,17,1.5,34,17.6,46,17,13.8,20.9,18,32.8,26,12.5,45,62,36.3,20,56,19.9,0,45,42,26.6,54.2,23,19,46.3,4,1.5,16.7,47.2,27,23.9,21.4,39.5,32.5,30.6,52.7,47,31,24.5,25,50,58.8,36,24,54.4,63.5,30.5,40.4,41,11.5,37.2,37.5,37.5,33.2,42,30,31.4,59.5,38.5,53.8,10.5,39.8,60,48.4,4.2,32.7
2016-02-01,3,0,0,0,0,1,0,0,1.6,0,0,0,0,6.4,0,-2.2,0,0.5,3.2,0,0,0,1.5,9,0,0,0,3,32.3,0,0,0,0,0,0,0,0,0.5,0,0,10,1.9,0,0,3,0,0,0,0,0,0,0,5.5,0,0,0,16.5,2,0,0.3,0,0,0,0,0,1,0,0,0,0,0,6,0,0,5.7,0,1,1,0,0,0,0.5,0,0,0,0,-13.4,-13.4,-2.1,8,26.8,3.8,-3.4,1.6
2016-03-01,36,23.5,60,86,21,53,43.6,68.9,19.9,27,43.2,24,268,59.5,14.5,67.1,32.5,10.5,27,50.8,40.5,27,32.5,0,55,43,41.5,57,31.8,47.5,25.7,43,69.5,28,48.8,32,51.8,19,20,47,57.5,23,19.1,71,51,64,29.5,70.5,35.4,35.5,8,60,66.5,9.5,6,13,42,32,9.4,28.7,49.5,18.6,34.9,8.8,22,54,38,0,65,53.2,91,61,61.8,37.3,36.3,58.6,31,26,25.5,36,36,54,50,53,72,54.5,-4.7,30.7,36.3,47.2,85.8,28.1,26.1,99.8
2016-04-01,11,62,0,47.5,26.8,68,74.2,172,10.3,38.3,57.3,38.5,27,30.1,29.7,53,26.5,6.6,39,202.2,67.5,14.1,4,0,94,20.5,136,26.3,25,68.5,36.1,107,202.5,46,12.2,4,82.4,4,0,34.3,29.4,70.7,58.5,83,20,35.4,23.7,5,24.5,15,80,6,17.5,22,12,20.5,32,3.5,10.8,34.5,39,64.9,29,15.3,47,32,42.5,12.4,31.6,96.8,67.5,37,41.2,90,0.3,34.6,2,32,7.5,10.5,10.5,65,63,44,60.6,154.5,1.7,22,19.5,1,34.2,23.6,9.4,11.4
2016-05-01,80.5,216.5,47.3,45.5,79.5,173,176.5,163.6,92.6,129.1,127.7,65,67,130.5,138.3,72.3,95.2,90.8,81.1,102.4,60,74.5,72.1,14,210,109,173.2,91.5,94.9,108,201.6,190,163.7,27,145.2,73,195.4,43,1.5,95.1,62.5,56.4,12,141,100.9,69,97.7,56.5,176.2,146,101,88,90.5,122,16.5,50.1,80.4,51.5,72.4,59.2,73,177.5,97.8,90.7,138,83,55.5,73.5,95.9,105.4,137.2,68,63.6,109.2,47.8,107.1,72.7,95.5,89.3,88.8,88.8,73,74.5,109,47.7,150.5,76,132.5,41.2,62,161.3,75,45,145.6
2016-06-01,102,109,23.6,33,67.1,159,66.6,95.9,37.2,43.8,78.9,35.5,63,55.6,65.6,44.7,82,46.4,52,36.7,38,38.5,15.2,31,86,40.5,66.5,49,14.7,79,34.6,150,39.5,24,59.9,59,126.5,44,7.5,66.9,56.1,64.9,43,65,65,21,88.5,9,40,50,74.5,10,74,55,20,11,66.9,11,23.9,67.8,68,18.7,29.1,46.2,42,73.5,53.5,27.6,54,68.7,68.1,24,82.2,120.4,33.7,31.3,56,41.5,40.5,38,38,83,26,87.5,69.7,27.8,32.1,118.7,10.5,43.9,135.5,65.1,21.8,17.9
2016-07-01,145.5,40,30.1,34.5,45.7,6,5.8,12.7,61.2,98.5,20,24,250,28.8,26.4,53.7,163.6,28.1,54,85,13.5,16.5,22.8,11,6,13.5,10.5,100,23.1,40,44.4,2,48,17,0.8,44,5.8,38,7.2,41.2,53,55.5,50,45,23,61,104,22.5,12.1,2,4,8,43.5,13,23,32.5,78.7,1.5,36.1,15.5,84.3,62.4,8.6,33.6,85,35,29.5,17.8,57.5,35,8,36,19.2,52,1.8,41,39,54,16.8,0,0,46,8,24.5,24.2,8,19.7,141.9,18.8,3,107.9,126.2,49.7,14.7
2016-08-01,182,366,66.1,203.5,58.8,44,194.1,63.1,124.4,114.4,58.7,140,120,78.5,143.7,170.5,118.6,142.4,329.7,109,75.5,95.9,180.5,143.4,48,63,136.5,39.3,50.9,183.2,76,63,153.5,28.5,55.1,200,72.5,178.5,42.4,153,74.8,322.3,87.3,50,83,87,110,119,99.5,206,68.5,14,35.5,94.5,24,268.5,36,88.7,59.3,218.9,82,137.3,115.3,76.2,68,189.2,224,70.5,55.2,70.7,86.8,35,18.3,97,82.5,99.1,128,93.5,61.4,23.8,23.8,198,194.7,62,247.5,197,61.7,150.8,18.1,106.5,395.3,92.5,16.4,24.5
2016-09-01,107.1,131,8.6,69,83,78,201.8,113.1,20.9,15.6,62.3,61.5,117,10.7,108.4,31,13.7,77.1,240,234.9,29,50.9,18,64,84,8,100,42,16.6,80.3,91.6,42,74.5,14.5,200.7,37,78.2,39,0,76.7,28.8,136.2,77.9,103,14,2,36.7,63,97.6,100,121,12,12.3,118.5,19,107.5,42.8,33,35.4,99.1,58.5,163.5,105.4,27.3,30,36.3,105.5,15.4,10.5,94.2,71.9,0,6,41.2,14.2,13.6,35,72,5,5,5,110,125,5.2,109.8,120,13.5,41.4,-6.3,18.9,95,14,17.9,21.2
2016-10-01,92.6,191.5,15,12,84.8,133,73.8,101.3,30.1,81.1,99.8,11.5,70.6,46.9,27.8,3,91.5,19.5,146,27.7,16,18.9,15,158,146,24,132.5,13.6,40.3,20.2,37.1,200,79,2,19,87,253.1,15.5,0,139.5,58,0,30,146,64,0,161.5,33.5,38.7,129,46,11,16,48.1,14,4,90.8,14.5,84.6,47.4,74,104.3,0,55.7,206,31,13,32.2,10.1,199.9,202.8,11,21.5,162.8,20.6,11.1,6,12,15.6,3.5,3.5,153.2,9,16,5.2,114.5,41.5,227.7,1.4,27.1,187.1,72.2,2.4,19.6
2016-11-01,98.4,129,124,47.5,80.4,24,123.1,63.8,40.4,62.5,64.2,57,158.6,69.9,53.4,61.5,72.8,26.4,126.1,37.3,32,55.7,107.9,58,56,56,60.7,56,40.7,68.8,38.4,29,17,19,9.4,76,31.2,76,12.5,70.5,61.3,110.9,28.5,21,36,42,57,119.5,70.1,115,90.5,38,44.5,120,6,27.2,70.1,38,60.7,89.6,61.3,194.3,28.8,70.7,85,76,49.5,0,54.8,45,43.2,47,43.4,44.6,39.6,37.7,36,63.5,46.4,48.6,48.6,63.2,53,70.5,61.9,73,56.3,71.7,26.5,51.5,166.9,58.2,25.6,63.8
2016-12-01,30.7,55,22.8,37,1.2,16,4,20.3,0,21.9,26.8,18.1,20,0,32.2,25,19.5,20.4,31.5,15.4,9.5,13.5,25,32,17.7,5.7,12.8,0,0,30,39.8,8,23.8,6.5,28.7,0,9.3,10,9,19.5,10.5,96.8,6,15.5,4,11,21.5,36,9.1,48.2,16,0,0,21,8.2,13.9,10,17.5,10.6,14.4,8,20.5,36.7,26.4,35,50.5,20.5,0,-9.8,12.3,12,0,0,11.8,0,0,31,2.5,7,1,1,18,44.5,42,20.6,15.7,12.6,18.7,-6.3,0.6,26.8,18.4,-5.1,1.6
2017-01-01,2,26.5,0,3.5,2.2,17,16.7,19,13.5,11.2,21.3,14.5,0,6.2,22.7,0,15,19.1,11,17,15.5,3.5,7,1,17,2,26,3,2.6,20,11.4,0,19,2.5,16.7,0,18,2,0,6,9.5,21.2,1,21,4,0,4.5,7,22.2,17,20,3,8.5,3.5,0,3.7,28,6,23.1,23.6,9.5,36.5,10.6,45.7,0,2.5,18,2,-4.4,16.8,22.5,4,5,19,3,3.2,0,3.5,2.5,2.5,2.5,2,31.5,13.5,16.5,6,31.6,-6.7,-3.5,4.5,26.8,15,-3.4,6.5
2017-02-01,8,4,0,0.5,0.9,8,84.8,8,0.8,3.6,0.5,6.5,0,11.8,15.4,0,11.5,6.7,2,2.5,1.5,2,7,-0.7,3,2,1,1.5,3,17.5,0,0,3.5,0,1.4,0,0.2,1.5,10,7.5,12,1.9,2.8,4,11,0,5.5,0,0,13.4,0,0,12,0,7.5,3.7,7.5,0,48.7,2.9,13.5,10,2.3,16.2,0,9,6.5,0.2,-5.3,0,0,7,3,0,3,0.3,20,2,6,4.5,4.5,14,11,40.5,6.5,8.5,2.5,-5.2,-1.4,4.5,26.8,12.4,-4.3,1.6
2017-03-01,34,70,38.5,26,33.8,109,74.3,76.9,70.5,41.2,136.7,54,38,39,91.8,24,75.7,85.3,103,29,28.5,68.9,55,31,151,75,113.7,14.2,52.6,58,102.1,102,21,4.5,42,36,72.1,37,0,69,40.2,92.3,14.6,105,41,12,52.8,1,37.5,119.8,55,16,45.5,61.5,10,52.8,77.6,43,27.1,82,41.2,93.7,63.3,65.3,51,64,56,26.6,36.9,73.2,65.5,53,29.8,117.3,46,32,75,63.5,50.7,44.8,44.8,96,63,91.5,65.1,166.9,51,65.5,30.7,59.7,93.2,60.4,2.7,27.8
2017-04-01,37,29,2,14,12.3,43,45.5,58.6,53.5,13.9,84,36,42,27.1,35.6,0,51.4,30,56.6,64.5,69.5,3.3,84,8,64,14,76,21.2,14.3,38,119.5,84.4,57,4,49,0,85.8,52,-3.6,19.6,19,35.4,38.5,88.5,43,0,15,25,146.1,90.6,155,10,49.5,121,11,64.2,36.8,22,31.7,60.1,22,26.2,18,9.7,0,10.8,60,3.9,10,100.7,67.7,13,33,86,37,39.3,15.2,25,7.7,46,46,40,44.5,28,69.5,70,-3.9,9,2.8,48.1,26.8,42.2,6.5,17.9
2017-05-01,8,140.5,0,66.5,20.2,135,83.1,142.5,18.7,63.8,55.5,25.5,0,36.2,41.9,30,30.4,60.9,121,75,143,36.5,23.5,3.5,67,12.5,66,2.8,10.4,87,54.3,85,107.5,29.5,89.3,2,15,23.5,0,33.7,34.5,107.4,21,92,26,9,39,18,23.6,137.1,37,20,43,80,15,27.3,12,13,46.5,70,19.2,181.5,70,47.5,10,72,35.5,20,104,106.9,64.2,48.9,46.8,94.5,19,12.4,18,80.5,5.2,0,0,26,56,68,63.7,132.5,33.4,44.9,27.9,25,30.5,26.5,-3.6,34.3
2017-06-01,25,52.5,10,29.5,26.7,105,7.7,102,36.6,38.7,70.5,63,20,63.4,71.1,8,18.1,50.7,130.5,142,2.5,17,10,45,56,18.6,48,13.4,12.7,137,10.4,28,128.5,27,48.8,16,41.8,12,0,112,51,28.7,13.7,56,31,0,23.5,27.7,58.3,102.8,83,64,32,57,22.5,22.6,67,0,24.5,17,61,40.3,18,24.8,43,96.2,4,0,44,81,20.8,26,45.9,58.4,61,18.8,56,18.5,25.6,66.5,66.5,40,24.5,72,27.3,187,11,21.7,11.8,78.9,56.3,17.3,2.3,106.3
2017-07-01,77.5,43,40,14,83.8,22,35.6,46.1,104.2,38.6,14.1,27,115,54.7,27.6,43.5,98.3,15.4,28.5,1.3,35.5,141,13,59,10,73,31.5,68.3,73.4,23.6,36.3,48,31.5,40,5,15,59.6,22.5,9.8,93,92.5,10.5,12.5,32,57.5,33.2,49,7.9,32.1,44.1,22,46,69.5,54,22,38.6,72,5,11.1,2.3,96.3,12.2,2.5,41.9,28,21.5,9.5,58.2,63,38.8,18,66,72.5,28.5,44,91.9,39,51,38.6,73.5,73.5,152,14.5,19.5,3.6,44,27.9,59.8,39.8,57.1,54.5,77.3,32.3,76.9
2017-08-01,139.5,54,66,24,62.3,49,68.1,31.8,71.8,81.8,15.5,50.5,102,60.5,0,33.8,78.1,28,37.5,57.5,51.5,9,15,137,30,18.5,88,23.8,20.4,16,4.5,29,40,37,107.1,96,68.9,68,11,89.5,88,22.2,84,20,113.5,23,83,4,101.6,56.2,34,6,39.5,2,23.5,22.8,103.4,10,24.8,9.8,120,61.8,4.6,43.6,75,20,20.5,34.4,78,17.9,42,67,60.6,45.1,43,18.8,76,32.5,34.2,47.5,47.5,79,81,16.5,106.5,47,29.6,110.5,40.5,55.8,203.7,62.2,8,11.4
2017-09-01,156.5,247,133,200.4,90.5,75,127.1,174.9,95.5,153.8,113.5,217,150,109.6,199.4,169,213.9,271.5,335,13.5,17.5,154.7,177,139.5,113,47,34.5,22.3,57.5,267.5,144.3,207,55.3,52,183.3,153,90.8,314,39.5,197.5,145.7,359.3,74,148.4,50.5,53,130,175,119.4,157,169,12,73.5,195.5,18.5,182.1,121.2,180,68.8,382.3,108.5,242,92,92.8,157,240.7,274.5,116.6,55,169.2,83.8,65,30.8,174,24,25.6,207,135.5,55.2,9,9,180,318.3,308.5,352.5,132.5,78.1,180.7,39.1,31.4,308.7,163.8,7.1,21.2
2017-10-01,67.9,147,0,18,82.1,92,122.8,152.3,4.8,73.1,142.7,42,10,49.4,81.2,0,25.9,67,141.5,47.1,85,1,79.5,63,114,14,99.2,9.6,38.3,37.5,85.5,86,85.3,0,49.7,52,116.1,77.5,0.2,180.5,94,187.2,80,148,149,0,113.5,50,127.9,126.8,90,3,12.5,92.5,5,47,40.9,43.5,92.6,48.7,147.5,125.9,80,62.5,108,30,50,7.3,12,103.4,125.7,11,13.4,146.7,0,14.5,6,16,14.2,24.5,24.5,164.6,102.7,55,84.5,103,48.2,156.1,1.4,0.6,122.6,23.1,0.2,6.5
2017-11-01,13.4,8,0,10.5,3.8,3,6,3.8,0,0,9.4,10,0,0,16.1,0,0,11,7,30.5,13,0,11,0,6,0,5,5.8,0,0.7,16.6,22,36.5,0,22,0,9.3,9,0,4,6,5.3,0,7,0,0,0,0,8.6,10.2,7,0,0,8.5,6,1.3,0,3,3.4,7.2,3,6,15.5,0,0,12,8,0.5,0,6.5,6.1,0,0,8.1,0,0,44,0,0,0,0,3,10,13.5,1.5,1.5,-13.4,-13.4,-6.3,0.6,26.8,3.8,-1.9,1.6
2017-12-01,43.6,62.5,91,26.5,11.5,19,36.6,33.5,48.6,118.3,30.4,31.6,13,15,75.1,75,37.7,49.1,56.5,21.7,46.5,62.5,42.5,46,36.7,46.5,24.2,27.2,43.6,71,27.1,19,46.5,33,43.4,42,20.7,33.5,74,19.4,15,55.3,21.5,22.9,16,33,66,52,32.9,37.4,30,10,18.5,21,10.8,50,107.5,35.5,21.3,41.6,10.5,49.2,32.1,42.9,35,72,35.5,36.9,21,18.1,31.1,16,13.5,26.1,26,23,66,43.5,44,2,2,17,50.5,69.8,49.5,27,28.9,85.2,4.9,34,104.2,32,9.8,17.9
2018-01-01,0,27,10,4.5,19.8,28,34.8,53.5,0,3.3,26.8,5.6,0,55.1,29.1,0,45.1,12.9,18.7,5.1,14,1,3.5,0,32,8,34.8,23.7,16.8,1,9.8,82,13,0,8.1,0,69.7,6.5,0,45,36,19.5,0,80,90,0,0,0,23.4,47.7,15,10,26.5,7,-1,1.3,8.5,0,8.5,3.8,36.5,18.9,11.2,0,12,13,0,0,33,50.1,56.6,37,45.5,57.7,20,26.9,0,8.5,18.7,42.5,42.5,41,4,11,2.5,36.5,-13.4,-13.4,19.5,26.3,26.8,37.5,7.9,17.9
2018-02-01,12,72.5,0,2,5.1,7,24,46.3,29.8,49.2,55.5,13.7,68,12.9,16.1,0,54.3,17.8,38.7,24.2,69,23.3,6.5,32,37,45.3,12.8,37.8,27.7,6,42,18,54.9,2,14.3,19,15.8,9.5,0,31,20,45,7,55,33,0,43.7,0,23.6,19.6,18.5,20,38,43.5,7,2.6,52,1.5,18.8,8.8,16.5,67.4,10.2,31.9,52,4,22.5,13.8,50,10.7,17.7,22,81.4,40.7,30,38.8,18,38.5,24.6,36.5,36.5,20,1,5,2.2,26,18,51.9,9.1,39.1,61.8,44.4,15.6,34.3
2018-03-01,2,5,0,3.5,18.9,3,1.5,1.9,1,0,0,0,0,0,0,0,8.2,0.5,0.1,8.4,13.5,0,13,0,1,0,8.5,0,0,15,5,17,5,0,0.3,0,2.2,0,0,4,5,1.8,0,13,2,0,2,0,0.3,2,0,0,4.5,0,9,3.8,0,0,0.4,1.2,2.5,5.1,24,1.1,0,10,4,0,0,2.9,2,0,11.4,4.7,0,0,0,0,0,0,0,0,0,2.5,1.2,0,-12.3,-10.4,-6.3,0.6,26.8,9.9,-5.1,1.6
2018-04-01,52.5,176.5,11,3.5,99.9,85,92.9,110.8,56.6,76.3,65.7,28,63,146.8,48.2,22,49.6,48.2,76,45,56,40.9,33,18,72,95.6,66,80.8,63.3,30,63.1,102,120,16,67.4,14,58.3,22.5,14.5,118.5,103.5,109.6,8,97,76,10,36.9,58,54.5,165.2,30,20,115,30,10,33,52.7,27.5,31.6,74.8,123.3,122,39.3,31.1,62,49.5,55.5,17,89,94.2,92.6,78,77.9,89.8,77.4,106.2,39,52,114.5,116,116,117,65.5,22,46,181,17.2,41.7,48.2,100,52.6,40.9,39.2,34.3
2018-05-01,28.2,37,73,8.5,15.7,189,76.9,103,18.7,33.6,163,41,20,51.9,31.2,0,37,77.4,1.7,67.1,172.5,15.7,3,18,144,29.5,124,29.7,47.5,21,109.7,267,29,14,28.8,58,225.7,58,25.5,42,62.5,20.6,3.5,109,53,9,21,10,159,67.3,162,10,34.5,110.5,18,47.5,68.5,5.5,41,23.4,50,97.3,48.9,18.9,0,39,18,11.5,51,196.4,86.7,38,47.6,185.5,0.2,43.7,7,19,9.4,11,11,24,81,63,12,69,5.2,18,20.2,0.9,133.7,31.5,11.2,17.9
2018-06-01,116.5,148,0,3.5,24.4,92,90.8,96.5,85.8,61.8,53,140,120,54,129,51,49.1,97.7,62,64,226,51.1,143.6,72,45,38,84.5,50.5,29.9,42,103.5,43,88.5,17,70.2,120,82.4,147,14,45,80,69.9,19,19,109,68,114.7,35,91.6,144.8,181,12,111,196.5,23,134.4,69.6,110,47.2,104.8,100,66.4,12.7,7.3,84,48,111,58.5,11,47.3,129.7,66,34.5,65.6,21,32.8,109,56,15.6,0,0,96.5,67,30,14,178.5,-6.2,157.9,39.8,27.6,247.9,40.5,22.6,21.2
2018-07-01,25,33,0,10,7.8,12,42.1,18.9,79.7,65.1,34.5,19,26,62.7,59.6,20,77.8,11.2,24,20.2,2.5,42.4,37.3,20,66,3,21.5,25.1,30.8,50.5,5.4,39,8,28,31.6,0,74.7,57,10,47,12.5,137.6,82.9,47,36,32,80.5,45,61.2,26,69,20,25.5,0,23,9.5,47.5,2,36.2,2.7,30,12.7,9,47,23,40.5,16.5,26.6,34,47.8,9.4,20,20.4,51.7,0.3,13.4,49.2,45.5,13.2,20,20,52,48,16.5,14.5,41.5,32.9,106.8,7.7,1,26.8,62,8.7,34.3
2018-08-01,39,7,62,12,18.8,7,44.6,19.3,29.1,101.1,30.5,4,70,44.5,0,119,15.4,11,0,0,0,35.2,40.5,56,20,63,0,32.2,26.1,42,0,9,6.5,21,0,12,8.1,23,9,25,9.5,8,1,0,57,40,29.6,0,0.1,14.2,14,25,0,0,22,72,30.8,2,3.7,1.5,26,22.5,0,72,90,50.5,11,25.1,53,31.8,0,98,19.5,36.5,24,52.4,69.5,17.5,70.5,91,91,24.6,0,23.5,19.3,11.5,57.6,30.8,62.1,31.4,49,15.3,12.6,42.5
2018-09-01,220.5,452,83.6,197,144.3,307,258.9,243.5,177.4,285.9,104.5,188.5,178,224.6,249.5,158.5,401.5,335.7,520,202.4,224.5,132.5,295,360.5,223,106,133,113.5,157.4,327.5,252.9,148,182.5,22,361,273,175.9,410,42.5,279.4,218,462.1,216.5,196,219,112,328.3,199,359.4,370.8,304,60,65,198.2,21,223.1,272.5,98.5,77,283.6,243.5,324.9,272.8,222.3,321.1,336.7,223,134.3,146,85.9,215.4,134,167.7,99.3,107,138.6,143.4,92,114,253,253,410,210,174,166.7,460.5,205.7,476.7,87.2,137.9,529.8,304.2,57.1,99.8
2018-10-01,37.5,40,29,59,76.8,20,52.8,56.1,17.4,21.1,33.6,76.5,0,52.1,106.5,90.2,50.8,58.5,47,32.5,66,24,52,35,47,15,71.3,18.4,30.4,111,45.5,32,52,34,48.4,45,29,28,47,66.5,31.5,44.6,21.5,42,36,50,30.7,74,43.6,138.7,31,8,27.5,21,9,21,38,38.5,14.8,54.5,73.5,45,32.6,63.8,13,77.4,67,43.4,16,52.3,41.5,26,13.4,55.4,34.5,36.5,82.3,27,23.1,18,18,51,84.5,98.5,39.7,157.5,49.5,32.5,11.8,44.9,109.7,41.8,5,14.7
2018-11-01,11,29.2,0,15.6,21,19,25.4,24.5,14.7,12.3,9.5,2,5,26.9,26,4,24.9,18.4,10,8.5,21,9.5,24.5,5,18,18,15.6,0,17.1,12,12,18,11,4,14.6,0,11.4,11,0,20.3,25,28.5,0,15,20,0,8.6,10,9.7,34.4,6.5,12,51.8,8.5,-1,7.5,19.1,6,17.4,11.6,18,26.7,33,12.9,18,12,11.5,6.7,20,10.5,0,16,13.3,16.5,2.5,13.5,8.3,11.5,19.7,5.4,21,22,12.5,20,0,22,-0.7,-0.5,4.9,3.9,26.8,22.4,-5.1,21.2
2018-12-01,27.8,29.8,40,26.4,2.5,6,16.6,14,20,15.6,9.2,25.4,0,9.5,23.5,17.9,14.9,33.3,28,4.4,15,10.1,29,20,16,16,8.8,0,7.7,18,13.4,8,4.5,13,12.9,0,6.2,22.2,0,8.4,6.5,32.2,17.7,8.5,4,10.9,17.5,27.5,19.6,31.8,17,12,8.5,14.7,6.9,22.6,24,25,9.2,22.2,9.5,40.4,12.7,11,0,37.5,22,28.8,0,1.3,11.7,5,6.2,9.8,5.5,6.8,5.8,13.5,7.8,0,0,6,35,22,23,10,-2.6,12.8,-2.8,7.7,26.8,14.9,-5.1,21.2
